<DATE>;<TIME>;<OPEN>;<HIGH>;<LOW>;<CLOSE>;<VOL>
251101;070000;292.02;292.48;292;292.48;15714
251101;070100;292.48;292.48;292.32;292.46;2571
251101;070200;292.45;292.45;292.25;292.25;5687
251101;070300;292.24;292.39;292.15;292.3;16663
251101;070400;292.3;292.3;292.17;292.29;5989
251101;070500;292.3;292.3;292.16;292.19;2460
251101;070600;292.18;292.3;292.18;292.3;3149
251101;070700;292.3;292.3;292.29;292.29;4323
251101;070800;292.29;292.38;292.29;292.38;11949
251101;070900;292.38;292.38;292.32;292.38;1411
251101;071000;292.38;292.38;292.03;292.04;24015
251101;071100;292.24;292.24;291.41;291.65;25888
251101;071200;291.65;291.68;291.38;291.42;10555
251101;071300;291.42;291.42;290.35;290.68;98240
251101;071400;290.68;290.76;290.68;290.76;19882
251101;071500;290.76;290.98;290.76;290.96;12236
251101;071600;290.96;291;290.81;291;3087
251101;071700;291;291.19;290.99;291.19;12789
251101;071800;291.19;291.61;291.19;291.52;17176
251101;071900;291.52;291.55;291.47;291.55;942
251101;072000;291.54;291.6;291.54;291.6;3160
251101;072100;291.6;291.6;291.55;291.59;1284
251101;072200;291.59;291.6;291.57;291.6;797
251101;072300;291.6;291.6;291.55;291.6;6494
251101;072400;291.55;291.62;291.55;291.55;1231
251101;072500;291.55;291.69;291.55;291.6;2716
251101;072600;291.68;291.69;291.6;291.69;678
251101;072700;291.69;291.76;291.68;291.75;2134
251101;072800;291.75;291.77;291.71;291.77;3664
251101;072900;291.77;291.83;291.72;291.82;1551
251101;073000;291.82;291.83;291.78;291.83;722
251101;073100;291.83;291.84;291.83;291.83;488
251101;073200;291.84;291.86;291.78;291.79;1906
251101;073300;291.79;291.8;291.51;291.64;20812
251101;073400;291.64;291.64;291.45;291.57;4447
251101;073500;291.57;291.64;291.56;291.59;1646
251101;073600;291.57;291.59;291.57;291.59;481
251101;073700;291.59;291.59;291.57;291.59;208
251101;073800;291.59;291.79;291.59;291.79;28931
251101;073900;291.79;292.17;291.79;292.16;31694
251101;074000;292.16;292.39;292.06;292.39;32465
251101;074100;292.38;292.4;292.29;292.4;11944
251101;074200;292.38;292.6;292.38;292.5;36828
251101;074300;292.5;292.6;292.5;292.59;15945
251101;074400;292.59;292.69;292.58;292.68;16780
251101;074500;292.64;292.68;292.64;292.67;6868
251101;074600;292.67;292.73;292.64;292.72;30912
251101;074700;292.72;292.72;292.69;292.71;19192
251101;074800;292.71;292.79;292.7;292.78;14254
251101;074900;292.77;292.88;292.77;292.8;15363
251101;075000;292.85;292.99;292.82;292.99;17972
251101;075100;292.91;293.29;292.91;293.14;30853
251101;075200;293.17;293.3;293.07;293.29;38389
251101;075300;293.3;293.3;293.2;293.2;18462
251101;075400;293.22;293.26;293;293.17;9640
251101;075500;293.17;293.2;293;293.2;8804
251101;075600;293.2;293.23;293.17;293.23;6673
251101;075700;293.23;293.26;293.1;293.22;9273
251101;075800;293.22;293.29;293.22;293.28;10428
251101;075900;293.28;293.3;293.23;293.26;63800
251101;080000;293.26;293.61;293.23;293.61;152285
251101;080100;293.61;293.87;293.6;293.82;77586
251101;080200;293.86;293.87;293.74;293.74;17276
251101;080300;293.74;293.8;293.64;293.73;12844
251101;080400;293.72;293.8;293.65;293.79;14317
251101;080500;293.79;293.8;292.94;293.3;80433
251101;080600;293.3;293.52;293.18;293.48;6790
251101;080700;293.48;293.51;293.41;293.44;1374
251101;080800;293.46;293.59;293.43;293.58;27983
251101;080900;293.5;293.69;293.43;293.68;26089
251101;081000;293.65;293.77;293.54;293.75;14117
251101;081100;293.77;293.94;293.71;293.79;43398
251101;081200;293.77;293.95;293.73;293.91;12738
251101;081300;293.91;293.99;293.82;293.85;20605
251101;081400;293.91;293.98;293.85;293.9;44019
251101;081500;293.91;293.98;293.9;293.98;25835
251101;081600;293.98;293.98;293.85;293.98;17400
251101;081700;293.9;293.97;293.71;293.72;43692
251101;081800;293.9;293.93;293.71;293.88;5106
251101;081900;293.89;294;293.89;293.98;57438
251101;082000;293.98;294;293.9;293.94;76620
251101;082100;293.93;293.95;293.79;293.94;29816
251101;082200;293.94;293.99;293.94;293.99;13509
251101;082300;293.99;294.42;293.9;294.2;164277
251101;082400;294.1;294.24;294.1;294.2;15960
251101;082500;294.12;294.19;293.9;294;45045
251101;082600;294;294.01;293.9;294.01;20399
251101;082700;294;294.1;294;294.1;5917
251101;082800;294.08;294.15;294.01;294.15;11378
251101;082900;294.15;294.19;294.02;294.14;13012
251101;083000;294.14;294.21;294.09;294.09;15632
251101;083100;294.14;294.15;294.12;294.13;929
251101;083200;294.13;294.15;294.03;294.15;10987
251101;083300;294.14;294.29;294.14;294.29;6295
251101;083400;294.29;294.31;294.01;294.01;90096
251101;083500;294;294.01;293.9;293.94;85330
251101;083600;293.94;293.94;293.54;293.55;49539
251101;083700;293.53;293.55;293.45;293.52;25052
251101;083800;293.52;293.54;293.5;293.52;20690
251101;083900;293.52;293.52;293.5;293.5;4464
251101;084000;293.51;293.51;293.5;293.5;13936
251101;084100;293.5;293.79;293.5;293.73;14724
251101;084200;293.73;293.8;293.72;293.73;964
251101;084300;293.79;293.8;293.73;293.8;2777
251101;084400;293.77;293.92;293.73;293.92;3666
251101;084500;293.83;293.84;293.75;293.8;8267
251101;084600;293.8;293.84;293.64;293.64;17885
251101;084700;293.64;293.85;293.64;293.74;3933
251101;084800;293.83;293.83;293.62;293.63;15162
251101;084900;293.63;293.83;293.63;293.81;51808
251101;085000;293.69;293.82;293.69;293.69;9652
251101;085100;293.69;293.75;293.65;293.65;3362
251101;085200;293.65;293.66;293.63;293.63;16664
251101;085300;293.62;293.64;293.58;293.64;4780
251101;085400;293.61;293.76;293.57;293.64;5037
251101;085500;293.73;293.73;293.51;293.61;4677
251101;085600;293.52;293.6;293.42;293.58;37837
251101;085700;293.47;293.51;293.3;293.47;47390
251101;085800;293.47;293.61;293.33;293.61;7218
251101;085900;293.6;293.71;293.59;293.6;9596
251101;090000;293.59;293.59;293.26;293.35;81189
251101;090100;293.34;293.41;293.32;293.37;24650
251101;090200;293.34;293.38;293.2;293.21;33875
251101;090300;293.22;293.47;293.15;293.4;104118
251101;090400;293.41;293.45;293.21;293.31;20643
251101;090500;293.28;293.35;293.22;293.35;27972
251101;090600;293.36;293.48;293.33;293.39;28497
251101;090700;293.45;293.48;293.37;293.4;13205
251101;090800;293.4;293.4;293.37;293.39;2652
251101;090900;293.4;293.45;293.37;293.45;4598
251101;091000;293.45;293.47;293.39;293.4;3501
251101;091100;293.45;293.46;293.41;293.45;1601
251101;091200;293.44;293.46;293.41;293.43;1056
251101;091300;293.43;293.45;293.43;293.45;3011
251101;091400;293.45;293.48;293.45;293.48;7373
251101;091500;293.48;293.49;293.47;293.49;19049
251101;091600;293.49;293.72;293.49;293.72;9350
251101;091700;293.72;293.79;293.7;293.79;4997
251101;091800;293.75;293.83;293.75;293.76;41750
251101;091900;293.77;293.83;293.72;293.82;3257
251101;092000;293.83;293.83;293.8;293.81;25497
251101;092100;293.81;293.82;293.7;293.75;5305
251101;092200;293.7;293.78;293.68;293.77;4266
251101;092300;293.75;293.79;293.68;293.78;18533
251101;092400;293.7;293.77;293.69;293.74;5155
251101;092500;293.74;293.83;293.68;293.77;4198
251101;092600;293.83;293.83;293.76;293.76;5434
251101;092700;293.82;293.82;293.61;293.61;58770
251101;092800;293.7;293.7;293.57;293.62;6369
251101;092900;293.69;293.69;293.55;293.67;5173
251101;093000;293.67;293.67;293.6;293.67;4277
251101;093100;293.67;293.69;293.67;293.67;2371
251101;093200;293.67;293.7;293.6;293.69;6031
251101;093300;293.69;293.69;293.62;293.69;603
251101;093400;293.68;293.71;293.61;293.69;18209
251101;093500;293.71;293.71;293.69;293.71;301
251101;093600;293.71;293.73;293.69;293.73;9874
251101;093700;293.73;293.73;293.62;293.7;2362
251101;093800;293.7;293.7;293.58;293.67;6376
251101;093900;293.67;293.67;293.59;293.65;616
251101;094000;293.64;293.67;293.6;293.61;461
251101;094100;293.65;293.65;293.6;293.61;161
251101;094200;293.61;293.61;293.55;293.61;7181
251101;094300;293.55;293.66;293.55;293.61;28145
251101;094400;293.61;293.61;293.42;293.42;16406
251101;094500;293.4;293.4;293.28;293.31;25341
251101;094600;293.33;293.33;293.25;293.27;12697
251101;094700;293.27;293.33;293.26;293.28;10945
251101;094800;293.25;293.28;293.2;293.2;7589
251101;094900;293.2;293.24;293.2;293.24;5592
251101;095000;293.22;293.28;293.2;293.27;13756
251101;095100;293.27;293.37;293.24;293.32;14856
251101;095200;293.34;293.35;293.24;293.26;2615
251101;095300;293.25;293.26;293.04;293.1;48582
251101;095400;293.14;293.14;292.62;292.84;194426
251101;095500;292.88;293.06;292.76;293.02;31361
251101;095600;293.05;293.13;292.98;293.11;11189
251101;095700;293.11;293.18;293.05;293.17;10637
251101;095800;293.15;293.28;293.15;293.28;5242
251101;095900;293.27;293.28;293.2;293.26;18528
251101;100000;293.27;293.3;293.27;293.3;64367
251101;100100;293.3;293.5;293.29;293.5;56159
251101;100200;293.5;293.5;293.46;293.5;19953
251101;100300;293.5;293.5;293.49;293.5;4941
251101;100400;293.5;293.5;293.48;293.49;7224
251101;100500;293.49;293.67;293.48;293.57;31242
251101;100600;293.57;293.59;293.5;293.59;3717
251101;100700;293.54;293.58;293.5;293.56;6302
251101;100800;293.52;293.56;293.45;293.56;8907
251101;100900;293.59;293.59;293.45;293.54;13384
251101;101000;293.54;293.54;293.45;293.46;3947
251101;101100;293.45;293.45;293.38;293.39;5733
251101;101200;293.38;293.58;293.38;293.56;12488
251101;101300;293.56;293.72;293.56;293.72;47188
251101;101400;293.71;293.8;293.65;293.8;57774
251101;101500;293.8;293.8;293.64;293.66;53379
251101;101600;293.68;293.68;293.61;293.63;10946
251101;101700;293.66;293.69;293.64;293.66;11771
251101;101800;293.67;293.67;293.64;293.64;1519
251101;101900;293.63;293.67;293.51;293.6;12674
251101;102000;293.55;293.6;293.49;293.5;10661
251101;102100;293.5;293.56;293.49;293.54;2123
251101;102200;293.56;293.56;293.5;293.52;982
251101;102300;293.52;293.55;293.5;293.51;509
251101;102400;293.51;293.51;293.44;293.45;6329
251101;102500;293.44;293.48;293.4;293.43;11671
251101;102600;293.42;293.43;293.3;293.37;103924
251101;102700;293.38;293.38;293.3;293.32;6176
251101;102800;293.33;293.35;293.3;293.33;18294
251101;102900;293.33;293.35;293.31;293.32;5066
251101;103000;293.32;293.42;293.32;293.42;30866
251101;103100;293.42;293.42;293.41;293.41;3818
251101;103200;293.42;293.42;293.41;293.42;5260
251101;103300;293.42;293.42;293.41;293.42;2339
251101;103400;293.42;293.42;293.38;293.42;8170
251101;103500;293.41;293.42;293.36;293.41;10397
251101;103600;293.42;293.54;293.41;293.5;8949
251101;103700;293.53;293.55;293.5;293.55;7019
251101;103800;293.55;293.55;293.52;293.54;6994
251101;103900;293.54;293.54;293.53;293.54;966
251101;104000;293.54;293.55;293.5;293.54;9386
251101;104100;293.55;293.67;293.54;293.67;4524
251101;104200;293.67;293.77;293.66;293.73;19341
251101;104300;293.73;293.77;293.72;293.77;30622
251101;104400;293.77;293.98;293.75;293.95;41507
251101;104500;293.95;294;293.94;293.99;31131
251101;104600;293.99;294;293.98;293.99;74277
251101;104700;294;294.1;293.99;294.03;135262
251101;104800;294.04;294.08;294.03;294.08;9584
251101;104900;294.08;294.22;294.08;294.16;70916
251101;105000;294.15;294.17;294.01;294.02;66690
251101;105100;294.02;294.15;294;294.1;38279
251101;105200;294.08;294.12;294;294.07;20916
251101;105300;294.1;294.13;294.04;294.11;8596
251101;105400;294.11;294.16;294.09;294.15;11121
251101;105500;294.15;294.19;294.05;294.14;18472
251101;105600;294.14;294.14;293.98;294.01;37875
251101;105700;294.01;294.01;293.9;293.91;18133
251101;105800;293.91;293.99;293.86;293.99;21731
251101;105900;293.99;294.19;293.97;294.19;20623
251101;110000;294.19;294.2;293.98;294.04;44041
251101;110100;294;294.04;293.99;294.03;6593
251101;110200;294.02;294.14;294.01;294.12;6682
251101;110300;294.13;294.14;294.03;294.09;11122
251101;110400;294.09;294.09;294.03;294.03;3361
251101;110500;294.04;294.04;293.89;293.89;23574
251101;110600;293.9;293.95;293.88;293.93;10828
251101;110700;293.91;294;293.91;293.99;6436
251101;110800;294;294.01;293.89;293.89;5864
251101;110900;293.88;293.9;293.85;293.9;21238
251101;111000;293.9;293.9;293.89;293.9;2346
251101;111100;293.89;293.9;293.89;293.9;15378
251101;111200;293.89;293.9;293.76;293.88;18844
251101;111300;293.86;293.9;293.84;293.9;19214
251101;111400;293.9;293.9;293.81;293.86;17953
251101;111500;293.84;293.86;293.77;293.77;2192
251101;111600;293.77;293.83;293.71;293.75;25621
251101;111700;293.75;293.87;293.72;293.86;8414
251101;111800;293.86;293.87;293.74;293.8;16952
251101;111900;293.84;293.86;293.75;293.86;10731
251101;112000;293.84;293.94;293.84;293.89;34373
251101;112100;293.9;293.9;293.86;293.86;5636
251101;112200;293.87;293.9;293.85;293.9;2074
251101;112300;293.9;293.9;293.89;293.9;5420
251101;112400;293.9;293.9;293.89;293.9;28129
251101;112500;293.9;294.25;293.89;294.13;125632
251101;112600;294.09;294.16;294.05;294.1;15322
251101;112700;294.1;294.1;294;294.05;10112
251101;112800;294.05;294.05;293.98;293.99;40613
251101;112900;293.99;293.99;293.89;293.96;20089
251101;113000;293.97;293.97;293.93;293.96;845
251101;113100;293.96;294;293.95;294;10790
251101;113200;293.99;294;293.99;294;27346
251101;113300;294;294.26;293.99;294.25;93922
251101;113400;294.26;294.28;294.04;294.04;50416
251101;113500;294.08;294.09;294.04;294.09;3517
251101;113600;294.09;294.1;294;294.06;11856
251101;113700;294.06;294.1;294.06;294.09;2473
251101;113800;294.1;294.17;294.09;294.16;27467
251101;113900;294.15;294.17;294.03;294.09;13273
251101;114000;294.1;294.19;294.09;294.19;8815
251101;114100;294.19;294.2;294.17;294.17;9555
251101;114200;294.17;294.17;294.04;294.11;14224
251101;114300;294.11;294.13;293.95;294.03;16306
251101;114400;294.02;294.05;293.89;293.94;23588
251101;114500;293.96;294;293.92;293.97;4128
251101;114600;293.97;294;293.74;293.89;106566
251101;114700;293.9;293.91;293.8;293.85;6143
251101;114800;293.89;294;293.85;293.97;15565
251101;114900;293.96;293.96;293.78;293.87;32917
251101;115000;293.87;293.91;293.81;293.81;30399
251101;115100;293.82;293.9;293.8;293.85;16965
251101;115200;293.85;294.01;293.84;294.01;54697
251101;115300;294;294.04;294;294.02;1368
251101;115400;294.05;294.12;294.02;294.1;14392
251101;115500;294.11;294.11;293.93;294;2999
251101;115600;294;294.1;293.87;293.98;276069
251101;115700;293.99;294.05;293.91;294.05;239686
251101;115800;294.04;294.05;294.04;294.05;58973
251101;115900;294.04;294.05;294.04;294.05;1627
251101;120000;294.05;294.05;294.01;294.03;11617
251101;120100;294.03;294.05;294.02;294.05;4455
251101;120200;294.05;294.05;293.91;293.92;14100
251101;120300;293.95;294.02;293.93;293.93;10201
251101;120400;293.94;294.01;293.92;294;4552
251101;120500;293.99;294.01;293.98;293.99;12691
251101;120600;294;294;293.93;293.99;18440
251101;120700;294;294;293.96;293.98;798
251101;120800;293.98;293.98;293.95;293.95;1047
251101;120900;293.98;294;293.98;293.99;2262
251101;121000;293.99;293.99;293.92;293.98;5735
251101;121100;293.97;293.99;293.85;293.98;43042
251101;121200;293.98;293.99;293.97;293.98;302
251101;121300;293.98;293.98;293.97;293.98;8141
251101;121400;293.98;293.98;293.97;293.98;1797
251101;121500;293.98;293.98;293.97;293.98;22061
251101;121600;293.97;294.18;293.97;294.18;80726
251101;121700;294.18;294.35;294.15;294.3;33150
251101;121800;294.3;294.42;294.3;294.34;26995
251101;121900;294.34;294.34;294.28;294.32;9085
251101;122000;294.32;294.35;294.22;294.26;6059
251101;122100;294.25;294.27;294.18;294.18;27463
251101;122200;294.18;294.26;294.11;294.22;9584
251101;122300;294.23;294.26;294.15;294.16;2352
251101;122400;294.15;294.2;294.15;294.17;7095
251101;122500;294.17;294.26;294.16;294.25;6993
251101;122600;294.24;294.28;294.18;294.28;12565
251101;122700;294.27;294.28;294.2;294.2;9309
251101;122800;294.21;294.22;294.07;294.14;11168
251101;122900;294.13;294.13;293.91;294.01;47605
251101;123000;294.01;294.08;293.82;294.04;47254
251101;123100;294.06;294.11;294.03;294.07;5983
251101;123200;294.07;294.07;294.06;294.07;3948
251101;123300;294.07;294.07;294.06;294.06;1350
251101;123400;294.07;294.07;294.06;294.06;1402
251101;123500;294.06;294.15;293.95;294.15;17301
251101;123600;294.15;294.17;294.14;294.14;11833
251101;123700;294.15;294.15;294.11;294.12;6202
251101;123800;294.12;294.13;294.01;294.08;4221
251101;123900;294.08;294.12;294;294.09;9330
251101;124000;294.09;294.09;294;294.07;4651
251101;124100;294.04;294.1;293.99;294;16287
251101;124200;294;294;293.97;294;1987
251101;124300;294;294;293.97;293.99;1718
251101;124400;293.98;294;293.97;294;1586
251101;124500;294;294;293.9;293.93;2237
251101;124600;293.91;293.93;293.82;293.84;4359
251101;124700;293.84;293.9;293.74;293.79;14529
251101;124800;293.79;293.8;293.74;293.77;2332
251101;124900;293.76;293.77;293.59;293.6;29903
251101;125000;293.6;293.74;293.6;293.71;8617
251101;125100;293.71;293.75;293.65;293.73;5875
251101;125200;293.7;293.7;293.56;293.63;15220
251101;125300;293.61;293.75;293.61;293.75;11681
251101;125400;293.73;293.77;293.66;293.77;6060
251101;125500;293.75;293.78;293.71;293.77;9729
251101;125600;293.77;293.8;293.73;293.74;13451
251101;125700;293.79;293.79;293.71;293.77;3179
251101;125800;293.74;293.8;293.68;293.74;3942
251101;125900;293.75;293.75;293.71;293.75;2130
251101;130000;293.75;293.8;293.75;293.78;2117
251101;130100;293.77;293.78;293.77;293.78;1183
251101;130200;293.77;293.87;293.69;293.77;19998
251101;130300;293.77;293.77;293.66;293.68;4883
251101;130400;293.67;293.68;293.53;293.63;13899
251101;130500;293.61;293.63;293.51;293.6;8116
251101;130600;293.61;293.61;293.51;293.57;3108
251101;130700;293.58;293.6;293.5;293.58;25180
251101;130800;293.57;293.59;293.39;293.44;60517
251101;130900;293.44;293.49;293.39;293.44;11737
251101;131000;293.44;293.45;293.24;293.27;56090
251101;131100;293.27;293.3;293.24;293.24;16609
251101;131200;293.25;293.27;293.24;293.26;5699
251101;131300;293.27;293.35;293.26;293.35;27294
251101;131400;293.34;293.35;293.34;293.35;13996
251101;131500;293.35;293.37;293.29;293.37;46388
251101;131600;293.36;293.38;293.35;293.38;5587
251101;131700;293.37;293.4;293.34;293.37;5826
251101;131800;293.4;293.4;293.23;293.29;53784
251101;131900;293.29;293.29;293.13;293.17;16058
251101;132000;293.18;293.18;293.12;293.13;7838
251101;132100;293.12;293.25;293.12;293.24;23224
251101;132200;293.24;293.3;293.24;293.3;3231
251101;132300;293.3;293.32;293.29;293.32;3840
251101;132400;293.32;293.33;293.26;293.33;3034
251101;132500;293.33;293.34;293.2;293.26;23456
251101;132600;293.29;293.3;293.25;293.3;14321
251101;132700;293.29;293.35;293.21;293.22;3845
251101;132800;293.21;293.29;293.16;293.16;5673
251101;132900;293.16;293.2;293.12;293.14;18076
251101;133000;293.14;293.34;293.13;293.31;20355
251101;133100;293.31;293.35;293.22;293.29;17292
251101;133200;293.29;293.36;293.26;293.36;6793
251101;133300;293.36;293.36;293.27;293.3;6933
251101;133400;293.27;293.29;293.21;293.24;12875
251101;133500;293.26;293.32;293.26;293.31;2857
251101;133600;293.3;293.31;293.25;293.31;5277
251101;133700;293.31;293.32;293.29;293.3;1932
251101;133800;293.3;293.3;293.28;293.29;3315
251101;133900;293.29;293.3;293.28;293.3;6777
251101;134000;293.3;293.38;293.29;293.38;2905
251101;134100;293.38;293.4;293.29;293.36;5244
251101;134200;293.35;293.39;293.29;293.36;1900
251101;134300;293.36;293.4;293.35;293.4;3123
251101;134400;293.4;293.4;293.39;293.4;592
251101;134500;293.4;293.4;293.34;293.35;882
251101;134600;293.35;293.35;293.25;293.32;5317
251101;134700;293.35;293.36;293.29;293.3;886
251101;134800;293.3;293.39;293.3;293.38;3521
251101;134900;293.39;293.4;293.38;293.4;1814
251101;135000;293.4;293.45;293.4;293.45;1596
251101;135100;293.45;293.51;293.45;293.51;5560
251101;135200;293.51;293.53;293.5;293.53;10791
251101;135300;293.53;293.53;293.52;293.53;3090
251101;135400;293.53;293.54;293.51;293.54;12152
251101;135500;293.54;293.57;293.52;293.55;2588
251101;135600;293.53;293.57;293.53;293.57;3946
251101;135700;293.57;293.6;293.56;293.59;1983
251101;135800;293.6;293.65;293.51;293.65;5911
251101;135900;293.65;293.65;293.5;293.53;13900
251101;140000;293.5;293.53;293.43;293.44;6600
251101;140100;293.43;293.45;293.3;293.44;2258
251101;140200;293.44;293.46;293.27;293.42;3942
251101;140300;293.43;293.45;293.3;293.38;1974
251101;140400;293.38;293.44;293.38;293.39;814
251101;140500;293.4;293.6;293.4;293.6;3949
251101;140600;293.59;293.65;293.56;293.58;7226
251101;140700;293.57;293.58;293.46;293.53;1477
251101;140800;293.52;293.53;293.34;293.38;8497
251101;140900;293.38;293.38;293.27;293.31;1568
251101;141000;293.31;293.4;293.3;293.39;1053
251101;141100;293.36;293.4;293.31;293.38;5704
251101;141200;293.38;293.44;293.38;293.38;4156
251101;141300;293.38;293.47;293.3;293.35;9881
251101;141400;293.32;293.33;293.15;293.2;17045
251101;141500;293.22;293.22;293.19;293.2;1179
251101;141600;293.19;293.2;293.15;293.2;4713
251101;141700;293.2;293.2;293.13;293.2;10425
251101;141800;293.2;293.2;293;293.03;112501
251101;141900;293.03;293.15;293.02;293.07;16976
251101;142000;293.07;293.2;293.07;293.2;2499
251101;142100;293.2;293.2;293.11;293.14;1509
251101;142200;293.14;293.15;293.09;293.13;1006
251101;142300;293.14;293.16;293.12;293.14;1514
251101;142400;293.12;293.16;293.12;293.14;4686
251101;142500;293.15;293.16;293.12;293.16;5550
251101;142600;293.16;293.28;293.12;293.25;25030
251101;142700;293.25;293.25;293.11;293.12;18512
251101;142800;293.12;293.16;293.12;293.13;937
251101;142900;293.12;293.15;293.12;293.14;1961
251101;143000;293.12;293.16;293.11;293.13;2521
251101;143100;293.11;293.16;293.11;293.15;977
251101;143200;293.15;293.17;293.15;293.16;11106
251101;143300;293.17;293.17;293.15;293.16;2972
251101;143400;293.16;293.16;293.11;293.13;5322
251101;143500;293.13;293.15;293.08;293.09;5550
251101;143600;293.1;293.16;293.08;293.08;4976
251101;143700;293.09;293.09;293.08;293.09;8570
251101;143800;293.09;293.09;293.08;293.09;557
251101;143900;293.08;293.1;293.08;293.08;30554
251101;144000;293.1;293.12;293.08;293.12;5632
251101;144100;293.11;293.13;293.08;293.1;15347
251101;144200;293.09;293.1;293.08;293.08;5614
251101;144300;293.09;293.09;293.08;293.08;1855
251101;144400;293.09;293.1;293.08;293.1;9978
251101;144500;293.1;293.1;293.08;293.09;4419
251101;144600;293.09;293.1;293.08;293.09;2014
251101;144700;293.09;293.1;293.09;293.1;5118
251101;144800;293.1;293.1;293.08;293.09;1415
251101;144900;293.09;293.09;293.05;293.06;4112
251101;145000;293.06;293.06;293;293.01;13680
251101;145100;293.01;293.04;292.88;292.95;17489
251101;145200;292.95;292.97;292.83;292.84;15589
251101;145300;292.9;292.9;292.85;292.89;5653
251101;145400;292.89;292.95;292.89;292.95;4250
251101;145500;292.92;292.95;292.87;292.9;2336
251101;145600;292.87;292.9;292.87;292.88;2929
251101;145700;292.89;292.89;292.84;292.87;2265
251101;145800;292.87;292.88;292.83;292.86;17710
251101;145900;292.86;292.88;292.8;292.87;23138
251101;150000;292.87;292.95;292.85;292.88;17383
251101;150100;292.89;292.89;292.79;292.79;26791
251101;150200;292.8;292.8;292.75;292.8;11868
251101;150300;292.8;292.98;292.8;292.9;35107
251101;150400;292.9;293.06;292.88;293.05;16439
251101;150500;293.04;293.05;293.03;293.04;1979
251101;150600;293.04;293.07;292.89;292.99;13412
251101;150700;293;293.06;293;293.06;4876
251101;150800;293.06;293.06;293;293.01;2497
251101;150900;293;293.01;292.73;292.85;68733
251101;151000;292.85;292.89;292.83;292.85;6202
251101;151100;292.85;292.94;292.84;292.84;21305
251101;151200;292.87;292.95;292.85;292.9;3020
251101;151300;292.87;292.92;292.84;292.85;1885
251101;151400;292.85;292.85;292.8;292.8;842
251101;151500;292.8;292.85;292.63;292.83;90868
251101;151600;292.82;292.82;292.76;292.77;4194
251101;151700;292.77;292.77;292.64;292.74;11953
251101;151800;292.72;292.74;292.71;292.74;1400
251101;151900;292.74;292.74;292.73;292.74;1565
251101;152000;292.74;292.74;292.7;292.71;8506
251101;152100;292.7;292.71;292.44;292.48;51620
251101;152200;292.48;292.65;292.47;292.62;51026
251101;152300;292.62;292.62;292.48;292.54;17439
251101;152400;292.53;292.73;292.49;292.7;19503
251101;152500;292.7;292.77;292.67;292.77;2834
251101;152600;292.77;292.77;292.75;292.77;1570
251101;152700;292.77;292.77;292.69;292.7;19490
251101;152800;292.7;292.7;292.69;292.7;2618
251101;152900;292.7;292.7;292.69;292.7;17066
251101;153000;292.7;292.77;292.69;292.77;16620
251101;153100;292.77;292.77;292.76;292.76;4753
251101;153200;292.77;292.77;292.75;292.77;6524
251101;153300;292.77;292.97;292.76;292.84;12795
251101;153400;292.84;292.95;292.83;292.94;6418
251101;153500;292.94;292.94;292.75;292.83;27223
251101;153600;292.84;292.88;292.82;292.82;4220
251101;153700;292.83;292.83;292.74;292.78;4166
251101;153800;292.77;292.88;292.74;292.88;4189
251101;153900;292.88;292.95;292.87;292.92;13975
251101;154000;292.92;292.99;292.92;292.95;17466
251101;154100;292.96;292.99;292.96;292.99;23625
251101;154200;292.99;293.1;292.99;293.1;15907
251101;154300;293.1;293.1;293.09;293.09;1554
251101;154400;293.09;293.1;293.05;293.09;3082
251101;154500;293.08;293.21;293.05;293.2;9507
251101;154600;293.18;293.21;293.14;293.17;5504
251101;154700;293.17;293.2;293.11;293.15;18336
251101;154800;293.14;293.15;293.11;293.14;4888
251101;154900;293.14;293.2;293.13;293.15;6919
251101;155000;293.15;293.26;293.14;293.25;12675
251101;155100;293.22;293.24;293.17;293.2;2149
251101;155200;293.21;293.21;293.16;293.18;9764
251101;155300;293.17;293.18;293.01;293.11;12925
251101;155400;293.11;293.18;293.08;293.18;2792
251101;155500;293.18;293.18;293.04;293.05;38266
251101;155600;293.05;293.05;293.04;293.05;1779
251101;155700;293.05;293.05;293.04;293.04;11047
251101;155800;293.05;293.05;293.04;293.05;4544
251101;155900;293.05;293.05;293.04;293.05;947
251101;160000;293.05;293.05;293.03;293.05;1655
251101;160100;293.05;293.17;293.04;293.17;2790
251101;160200;293.17;293.37;293.17;293.36;41916
251101;160300;293.36;293.46;293.33;293.45;25417
251101;160400;293.46;293.47;293.44;293.47;11263
251101;160500;293.47;293.51;293.45;293.51;14570
251101;160600;293.51;293.59;293.5;293.59;21300
251101;160700;293.59;293.62;293.58;293.61;20790
251101;160800;293.62;293.62;293.52;293.55;9138
251101;160900;293.54;293.61;293.54;293.57;4079
251101;161000;293.57;293.58;293.52;293.58;3408
251101;161100;293.58;293.59;293.5;293.51;36754
251101;161200;293.51;293.51;293.5;293.5;979
251101;161300;293.51;293.51;293.5;293.51;3808
251101;161400;293.51;293.51;293.23;293.24;14742
251101;161500;293.28;293.38;293.21;293.31;15738
251101;161600;293.33;293.34;293.2;293.29;4136
251101;161700;293.29;293.36;293.24;293.33;6266
251101;161800;293.34;293.69;293.28;293.69;49308
251101;161900;293.69;293.74;293.67;293.73;23733
251101;162000;293.75;293.77;293.7;293.74;30391
251101;162100;293.74;293.76;293.66;293.7;11064
251101;162200;293.7;293.73;293.64;293.71;4390
251101;162300;293.72;293.72;293.63;293.67;3137
251101;162400;293.67;293.67;293.54;293.6;12489
251101;162500;293.58;293.65;293.57;293.64;1869
251101;162600;293.64;293.64;293.57;293.63;827
251101;162700;293.63;293.63;293.57;293.61;1371
251101;162800;293.61;293.61;293.47;293.58;22616
251101;162900;293.53;293.61;293.53;293.57;2824
251101;163000;293.6;293.6;293.4;293.49;16859
251101;163100;293.49;293.49;293.41;293.42;908
251101;163200;293.4;293.51;293.4;293.42;1068
251101;163300;293.42;293.42;293.29;293.3;3697
251101;163400;293.3;293.41;293.3;293.41;1195
251101;163500;293.41;293.42;293.36;293.4;1710
251101;163600;293.4;293.4;293.39;293.4;553
251101;163700;293.4;293.51;293.4;293.5;1866
251101;163800;293.5;293.57;293.5;293.56;895
251101;163900;293.57;293.57;293.5;293.52;1432
251101;164000;293.55;293.55;293.52;293.52;858
251101;164100;293.52;293.55;293.5;293.55;1584
251101;164200;293.52;293.55;293.5;293.54;832
251101;164300;293.54;293.56;293.51;293.55;1507
251101;164400;293.55;293.55;293.49;293.49;862
251101;164500;293.49;293.56;293.45;293.56;24111
251101;164600;293.56;293.58;293.55;293.58;4485
251101;164700;293.58;293.59;293.55;293.57;2497
251101;164800;293.57;293.6;293.47;293.6;24822
251101;164900;293.59;293.64;293.59;293.63;21480
251101;165000;293.64;293.68;293.63;293.64;19831
251101;165100;293.64;293.67;293.6;293.66;2899
251101;165200;293.65;293.68;293.6;293.64;2369
251101;165300;293.65;293.66;293.61;293.66;1096
251101;165400;293.66;293.68;293.6;293.66;2750
251101;165500;293.66;293.66;293.6;293.61;3104
251101;165600;293.61;293.61;293.6;293.61;31503
251101;165700;293.61;293.62;293.6;293.61;107163
251101;165800;293.6;293.7;293.6;293.61;50865
251101;165900;293.61;293.67;293.61;293.67;2667
251101;170000;293.66;293.68;293.62;293.67;6217
251101;170100;293.67;293.67;293.6;293.63;25687
251101;170200;293.63;293.67;293.6;293.63;30270
251101;170300;293.67;293.67;293.6;293.62;29044
251101;170400;293.62;293.64;293.6;293.63;2707
251101;170500;293.63;293.64;293.6;293.64;1877
251101;170600;293.63;293.64;293.6;293.62;2333
251101;170700;293.62;293.62;293.6;293.6;4764
251101;170800;293.61;293.61;293.6;293.61;1814
251101;170900;293.6;293.61;293.42;293.47;41441
251101;171000;293.43;293.47;293.42;293.46;1635
251101;171100;293.45;293.46;293.35;293.38;8086
251101;171200;293.38;293.4;293.3;293.36;13916
251101;171300;293.36;293.4;293.32;293.4;1516
251101;171400;293.4;293.4;293.35;293.38;5063
251101;171500;293.38;293.4;293.29;293.32;2323
251101;171600;293.34;293.43;293.31;293.42;7639
251101;171700;293.43;293.57;293.43;293.54;15086
251101;171800;293.54;293.54;293.53;293.54;1633
251101;171900;293.54;293.54;293.41;293.48;1030
251101;172000;293.53;293.53;293.45;293.47;964
251101;172100;293.52;293.53;293.4;293.45;1411
251101;172200;293.43;293.5;293.39;293.47;660
251101;172300;293.48;293.5;293.43;293.45;759
251101;172400;293.45;293.54;293.45;293.54;1410
251101;172500;293.53;293.54;293.53;293.54;651
251101;172600;293.54;293.54;293.48;293.49;1117
251101;172700;293.48;293.5;293.4;293.49;9649
251101;172800;293.5;293.5;293.44;293.44;864
251101;172900;293.46;293.46;293.36;293.37;10874
251101;173000;293.4;293.49;293.37;293.48;699
251101;173100;293.48;293.51;293.47;293.51;510
251101;173200;293.51;293.51;293.44;293.48;4549
251101;173300;293.49;293.5;293.48;293.48;1344
251101;173400;293.49;293.49;293.41;293.43;3112
251101;173500;293.43;293.49;293.43;293.47;1270
251101;173600;293.47;293.47;293.42;293.47;2526
251101;173700;293.47;293.49;293.44;293.49;2389
251101;173800;293.48;293.49;293.47;293.49;2187
251101;173900;293.48;293.5;293.45;293.45;17838
251101;174000;293.48;293.5;293.44;293.5;2776
251101;174100;293.5;293.52;293.49;293.52;114964
251101;174200;293.52;293.6;293.51;293.59;13982
251101;174300;293.59;293.59;293.47;293.5;4210
251101;174400;293.51;293.55;293.49;293.55;359
251101;174500;293.55;293.59;293.53;293.57;1000
251101;174600;293.57;293.57;293.55;293.57;400
251101;174700;293.57;293.57;293.52;293.57;2410
251101;174800;293.57;293.6;293.56;293.59;46177
251101;174900;293.59;293.6;293.57;293.58;3177
251101;175000;293.58;293.59;293.56;293.58;3880
251101;175100;293.57;293.59;293.55;293.55;1611
251101;175200;293.56;293.6;293.55;293.58;1119
251101;175300;293.6;293.6;293.57;293.58;1212
251101;175400;293.58;293.59;293.56;293.59;3737
251101;175500;293.58;293.61;293.52;293.55;1880
251101;175600;293.55;293.56;293.49;293.55;1345
251101;175700;293.53;293.57;293.53;293.55;358
251101;175800;293.55;293.56;293.47;293.49;975
251101;175900;293.52;293.52;293.36;293.47;14372
251101;180000;293.47;293.54;293.47;293.53;4829
251101;180100;293.52;293.55;293.51;293.55;3673
251101;180200;293.55;293.55;293.42;293.5;3471
251101;180300;293.5;293.54;293.49;293.53;2071
251101;180400;293.55;293.55;293.53;293.55;1039
251101;180500;293.55;293.55;293.54;293.55;703
251101;180600;293.54;293.55;293.54;293.55;4912
251101;180700;293.55;293.6;293.4;293.55;39335
251101;180800;293.54;293.65;293.54;293.61;6377
251101;180900;293.62;293.65;293.59;293.63;1910
251101;181000;293.64;293.67;293.56;293.67;18357
251101;181100;293.67;293.7;293.66;293.67;7567
251101;181200;293.67;293.7;293.66;293.69;19862
251101;181300;293.69;293.85;293.69;293.79;42724
251101;181400;293.79;293.83;293.76;293.8;13677
251101;181500;293.8;293.8;293.76;293.76;3312
251101;181600;293.76;293.78;293.66;293.77;11505
251101;181700;293.76;293.78;293.75;293.76;2015
251101;181800;293.76;293.76;293.75;293.76;921
251101;181900;293.76;293.76;293.74;293.75;1980
251101;182000;293.75;293.82;293.72;293.82;18927
251101;182100;293.82;293.84;293.82;293.84;11823
251101;182200;293.84;293.88;293.83;293.88;11790
251101;182300;293.87;293.96;293.87;293.93;36374
251101;182400;293.93;294.09;293.93;294.08;100885
251101;182500;294.04;294.06;293.98;293.99;12975
251101;182600;293.99;293.99;293.97;293.98;4554
251101;182700;293.98;293.98;293.91;293.92;21001
251101;182800;293.92;293.92;293.88;293.89;5081
251101;182900;293.89;293.9;293.78;293.82;15676
251101;183000;293.89;293.89;293.73;293.73;20569
251101;183100;293.74;293.74;293.64;293.64;24152
251101;183200;293.65;293.7;293.64;293.64;18462
251101;183300;293.65;293.65;293.64;293.65;15411
251101;183400;293.65;293.65;293.64;293.65;8125
251101;183500;293.64;293.65;293.64;293.65;15752
251101;183600;293.65;293.65;293.32;293.59;140201
251101;183700;293.59;293.62;293.49;293.53;16305
251101;183800;293.58;293.64;293.56;293.6;1240
251101;183900;293.56;293.75;293.45;293.75;109685
251101;184500;294.08;294.08;294.08;294.08;39291
251101;184600;294.08;294.08;294.08;294.08;175
251101;184700;294.08;294.08;294.08;294.08;9
251101;184800;294.08;294.08;294.08;294.08;31
251101;184900;294.08;294.08;294.08;294.08;1
251101;190000;294;294.05;292.81;293;83005
251101;190100;293.2;293.86;293.13;293.64;4934
251101;190200;293.65;293.74;293.49;293.65;1379
251101;190300;293.65;293.65;293.48;293.55;614
251101;190400;293.6;293.6;293.45;293.48;2803
251101;190500;293.48;293.81;293.47;293.81;13598
251101;190600;293.84;293.86;293.78;293.85;8223
251101;190700;293.85;293.86;293.8;293.84;2825
251101;190800;293.84;293.86;293.82;293.86;2880
251101;190900;293.86;293.86;293.85;293.85;8961
251101;191000;293.86;293.86;293.83;293.83;5089
251101;191100;293.84;293.84;293.82;293.83;2556
251101;191200;293.81;293.84;293.81;293.84;1269
251101;191300;293.84;293.84;293.79;293.82;10571
251101;191400;293.81;293.83;293.78;293.82;4929
251101;191500;293.82;293.84;293.81;293.83;1425
251101;191600;293.83;293.83;293.77;293.78;9731
251101;191700;293.78;293.78;293.75;293.75;4659
251101;191800;293.76;293.76;293.75;293.75;662
251101;191900;293.76;293.92;293.76;293.88;49815
251101;192000;293.88;293.9;293.83;293.89;3629
251101;192100;293.88;293.88;293.82;293.82;996
251101;192200;293.81;293.87;293.8;293.8;1475
251101;192300;293.81;293.81;293.75;293.81;11304
251101;192400;293.76;293.81;293.75;293.75;2337
251101;192500;293.76;293.76;293.74;293.74;4293
251101;192600;293.74;293.84;293.72;293.84;4719
251101;192700;293.8;293.84;293.75;293.8;1183
251101;192800;293.8;293.84;293.78;293.84;2579
251101;192900;293.84;293.84;293.8;293.82;537
251101;193000;293.83;293.84;293.81;293.84;965
251101;193100;293.81;293.84;293.81;293.84;1538
251101;193200;293.84;293.84;293.81;293.84;4688
251101;193300;293.84;293.84;293.81;293.82;2096
251101;193400;293.84;293.85;293.82;293.84;458
251101;193500;293.84;293.85;293.78;293.83;25860
251101;193600;293.83;293.83;293.77;293.82;391
251101;193700;293.82;293.83;293.81;293.83;7128
251101;193800;293.83;293.83;293.82;293.83;303
251101;193900;293.83;293.87;293.82;293.87;2269
251101;194000;293.87;293.87;293.79;293.81;3448
251101;194100;293.81;293.81;293.62;293.63;3853
251101;194200;293.63;293.71;293.63;293.71;2977
251101;194300;293.71;293.79;293.66;293.77;2066
251101;194400;293.78;293.79;293.68;293.72;1590
251101;194500;293.78;293.8;293.74;293.74;1517
251101;194600;293.8;293.8;293.7;293.72;1038
251101;194700;293.75;293.77;293.72;293.72;222
251101;194800;293.72;293.76;293.65;293.66;6668
251101;194900;293.65;293.75;293.65;293.75;364
251101;195000;293.68;293.75;293.67;293.7;306
251101;195100;293.73;293.73;293.62;293.73;5465
251101;195200;293.73;293.77;293.67;293.69;1487
251101;195300;293.68;293.68;293.53;293.56;33160
251101;195400;293.57;293.57;293.51;293.53;513
251101;195500;293.53;293.54;293.5;293.52;7240
251101;195600;293.52;293.58;293.5;293.57;8195
251101;195700;293.56;293.57;293.5;293.5;492
251101;195800;293.57;293.57;293.46;293.47;9326
251101;195900;293.49;293.49;293.46;293.46;1538
251101;200000;293.47;293.49;293.44;293.48;1216
251101;200100;293.46;293.48;293.46;293.48;1638
251101;200200;293.48;293.49;293.48;293.49;3298
251101;200300;293.49;293.49;293.48;293.49;365
251101;200400;293.49;293.49;293.48;293.49;487
251101;200500;293.49;293.49;293.48;293.49;690
251101;200600;293.49;293.55;293.48;293.55;1483
251101;200700;293.55;293.57;293.52;293.56;479
251101;200800;293.56;293.56;293.49;293.52;3344
251101;200900;293.56;293.56;293.5;293.56;346
251101;201000;293.56;293.56;293.5;293.56;1525
251101;201100;293.55;293.56;293.5;293.54;124
251101;201200;293.5;293.56;293.48;293.53;959
251101;201300;293.53;293.53;293.43;293.5;5485
251101;201400;293.5;293.51;293.45;293.48;2222
251101;201500;293.49;293.52;293.49;293.52;1259
251101;201600;293.52;293.52;293.46;293.51;1737
251101;201700;293.51;293.51;293.48;293.51;240
251101;201800;293.51;293.52;293.5;293.51;3845
251101;201900;293.52;293.56;293.52;293.56;504
251101;202000;293.56;293.56;293.54;293.54;420
251101;202100;293.54;293.56;293.53;293.54;419
251101;202200;293.53;293.53;293.5;293.53;1809
251101;202300;293.52;293.52;293.46;293.49;3394
251101;202400;293.5;293.5;293.49;293.5;1495
251101;202500;293.49;293.52;293.49;293.51;2418
251101;202600;293.51;293.52;293.5;293.52;2728
251101;202700;293.52;293.52;293.49;293.49;511
251101;202800;293.5;293.51;293.49;293.51;2696
251101;202900;293.51;293.51;293.49;293.5;201
251101;203000;293.5;293.53;293.49;293.51;2210
251101;203100;293.51;293.56;293.49;293.5;7541
251101;203200;293.55;293.56;293.49;293.53;776
251101;203300;293.52;293.52;293.49;293.49;338
251101;203400;293.51;293.51;293.49;293.49;609
251101;203500;293.49;293.53;293.49;293.53;1292
251101;203600;293.53;293.54;293.49;293.54;888
251101;203700;293.54;293.54;293.49;293.53;99
251101;203800;293.53;293.53;293.49;293.52;180
251101;203900;293.52;293.52;293.49;293.49;1834
251101;204000;293.51;293.51;293.49;293.5;851
251101;204100;293.5;293.54;293.5;293.51;1344
251101;204200;293.52;293.54;293.51;293.54;1087
251101;204300;293.53;293.56;293.5;293.51;5338
251101;204400;293.55;293.56;293.5;293.55;3768
251101;204500;293.56;293.58;293.55;293.56;3969
251101;204600;293.56;293.57;293.56;293.56;2226
251101;204700;293.56;293.57;293.56;293.57;428
251101;204800;293.57;293.58;293.56;293.57;547
251101;204900;293.57;293.57;293.54;293.55;274
251101;205000;293.55;293.55;293.52;293.53;3585
251101;205100;293.52;293.53;293.5;293.52;3210
251101;205200;293.52;293.53;293.5;293.53;1782
251101;205300;293.53;293.57;293.53;293.54;2061
251101;205400;293.54;293.58;293.54;293.58;1761
251101;205500;293.58;293.58;293.53;293.57;1256
251101;205600;293.53;293.57;293.53;293.56;207
251101;205700;293.56;293.57;293.53;293.53;148
251101;205800;293.55;293.55;293.55;293.55;137
251101;205900;293.55;293.57;293.53;293.55;8927
251101;210000;293.55;293.55;293.53;293.54;1223
251101;210100;293.54;293.55;293.46;293.46;6346
251101;210200;293.47;293.51;293.46;293.5;430
251101;210300;293.47;293.5;293.46;293.46;927
251101;210400;293.46;293.48;293.46;293.46;85
251101;210500;293.48;293.48;293.46;293.47;1523
251101;210600;293.47;293.48;293.46;293.48;830
251101;210700;293.48;293.48;293.46;293.48;271
251101;210800;293.48;293.48;293.46;293.46;92
251101;210900;293.46;293.49;293.46;293.49;4067
251101;211000;293.49;293.5;293.43;293.49;1513
251101;211100;293.49;293.5;293.46;293.5;11734
251101;211200;293.47;293.5;293.39;293.49;4932
251101;211300;293.45;293.49;293.43;293.43;878
251101;211400;293.43;293.48;293.42;293.48;438
251101;211500;293.48;293.5;293.44;293.49;441
251101;211600;293.49;293.51;293.45;293.45;144
251101;211700;293.5;293.51;293.44;293.5;136
251101;211800;293.5;293.52;293.44;293.52;256
251101;211900;293.45;293.52;293.45;293.5;155
251101;212000;293.45;293.53;293.45;293.53;138
251101;212100;293.46;293.46;293.41;293.46;3239
251101;212200;293.46;293.52;293.44;293.51;415
251101;212300;293.51;293.53;293.45;293.53;2131
251101;212400;293.53;293.53;293.45;293.45;99
251101;212500;293.52;293.57;293.45;293.55;15083
251101;212600;293.5;293.55;293.48;293.52;182
251101;212700;293.52;293.52;293.49;293.49;46
251101;212800;293.49;293.52;293.49;293.51;169
251101;212900;293.51;293.52;293.49;293.52;165
251101;213000;293.52;293.52;293.51;293.52;55
251101;213100;293.52;293.52;293.49;293.49;1102
251101;213200;293.49;293.49;293.45;293.46;658
251101;213300;293.49;293.49;293.46;293.49;1449
251101;213400;293.49;293.49;293.46;293.49;542
251101;213500;293.49;293.49;293.45;293.49;243
251101;213600;293.48;293.49;293.47;293.49;364
251101;213700;293.48;293.5;293.45;293.5;2255
251101;213800;293.5;293.5;293.45;293.45;1859
251101;213900;293.45;293.52;293.42;293.5;2659
251101;214000;293.5;293.5;293.41;293.42;7617
251101;214100;293.45;293.48;293.4;293.4;2576
251101;214200;293.43;293.44;293.4;293.44;2116
251101;214300;293.41;293.45;293.4;293.44;2132
251101;214400;293.42;293.42;293.34;293.35;1921
251101;214500;293.35;293.35;293.34;293.35;914
251101;214600;293.35;293.35;293.34;293.35;309
251101;214700;293.33;293.34;293.33;293.34;562
251101;214800;293.34;293.35;293.33;293.33;2575
251101;214900;293.35;293.35;293.33;293.35;2329
251101;215000;293.35;293.35;293.3;293.3;4142
251101;215100;293.35;293.35;293.28;293.3;2644
251101;215200;293.29;293.3;293.29;293.3;3175
251101;215300;293.3;293.3;293.28;293.3;842
251101;215400;293.3;293.3;293.28;293.29;779
251101;215500;293.3;293.32;293.29;293.29;1683
251101;215600;293.32;293.32;293.29;293.29;48
251101;215700;293.3;293.32;293.29;293.3;568
251101;215800;293.3;293.3;293.29;293.3;43
251101;215900;293.3;293.3;293.24;293.26;6558
251101;220000;293.26;293.26;293.23;293.23;6405
251101;220100;293.24;293.32;293.23;293.32;8313
251101;220200;293.32;293.32;293.28;293.31;832
251101;220300;293.32;293.32;293.23;293.31;5751
251101;220400;293.3;293.4;293.26;293.38;17425
251101;220500;293.35;293.4;293.31;293.32;938
251101;220600;293.32;293.38;293.3;293.3;98
251101;220700;293.36;293.38;293.36;293.37;2599
251101;220800;293.37;293.38;293.32;293.37;1027
251101;220900;293.37;293.37;293.31;293.36;131
251101;221000;293.36;293.36;293.32;293.32;27
251101;221100;293.32;293.36;293.31;293.36;225
251101;221200;293.36;293.36;293.34;293.35;368
251101;221300;293.35;293.36;293.34;293.36;711
251101;221400;293.36;293.36;293.35;293.35;72
251101;221500;293.36;293.4;293.36;293.4;3336
251101;221600;293.4;293.4;293.37;293.37;2756
251101;221700;293.37;293.37;293.36;293.36;25523
251101;221800;293.37;293.37;293.36;293.36;1415
251101;221900;293.37;293.37;293.36;293.37;120
251101;222000;293.37;293.37;293.36;293.37;955
251101;222100;293.36;293.37;293.35;293.35;10707
251101;222200;293.37;293.37;293.35;293.37;158
251101;222300;293.37;293.37;293.36;293.37;1300
251101;222400;293.37;293.37;293.36;293.37;3288
251101;222500;293.37;293.37;293.36;293.36;1990
251101;222600;293.37;293.37;293.36;293.37;6162
251101;222700;293.37;293.37;293.32;293.36;13755
251101;222800;293.33;293.37;293.33;293.37;1487
251101;222900;293.37;293.37;293.35;293.37;1448
251101;223000;293.37;293.37;293.34;293.37;839
251101;223100;293.34;293.37;293.33;293.33;546
251101;223200;293.33;293.36;293.33;293.35;572
251101;223300;293.35;293.35;293.34;293.35;534
251101;223400;293.35;293.37;293.35;293.37;77
251101;223500;293.37;293.46;293.36;293.39;8952
251101;223600;293.43;293.44;293.39;293.44;96
251101;223700;293.44;293.51;293.44;293.5;28487
251101;223800;293.48;293.51;293.46;293.51;9249
251101;223900;293.51;293.51;293.48;293.49;593
251101;224000;293.49;293.5;293.48;293.5;1367
251101;224100;293.5;293.5;293.49;293.5;725
251101;224200;293.51;293.51;293.5;293.51;1707
251101;224300;293.51;293.51;293.5;293.5;743
251101;224400;293.51;293.51;293.51;293.51;3037
251101;224500;293.52;293.55;293.51;293.55;1611
251101;224600;293.56;293.56;293.55;293.55;1030
251101;224700;293.56;293.57;293.53;293.53;3427
251101;224800;293.55;293.55;293.53;293.55;165
251101;224900;293.55;293.56;293.53;293.56;304
251101;225000;293.56;293.56;293.53;293.56;244
251101;225100;293.56;293.57;293.54;293.57;501
251101;225200;293.57;293.57;293.53;293.56;1607
251101;225300;293.53;293.56;293.53;293.54;51
251101;225400;293.56;293.58;293.51;293.58;2596
251101;225500;293.58;293.6;293.57;293.57;2497
251101;225600;293.57;293.59;293.51;293.52;2334
251101;225700;293.58;293.58;293.5;293.55;147
251101;225800;293.51;293.57;293.51;293.57;82
251101;225900;293.57;293.57;293.5;293.56;900
251101;230000;293.57;293.57;293.56;293.57;1287
251101;230100;293.57;293.63;293.57;293.63;3973
251101;230200;293.63;293.64;293.62;293.64;5116
251101;230300;293.63;293.64;293.62;293.62;4022
251101;230400;293.62;293.66;293.62;293.65;13556
251101;230500;293.65;293.7;293.65;293.69;51503
251101;230600;293.69;293.69;293.68;293.69;2273
251101;230700;293.68;293.69;293.68;293.68;143
251101;230800;293.69;293.69;293.68;293.69;2157
251101;230900;293.69;293.7;293.69;293.69;1065
251101;231000;293.69;293.7;293.67;293.69;4745
251101;231100;293.69;293.69;293.69;293.69;108
251101;231200;293.68;293.69;293.68;293.69;837
251101;231300;293.69;293.69;293.68;293.69;136
251101;231400;293.68;293.69;293.68;293.68;557
251101;231500;293.69;293.69;293.52;293.64;5260
251101;231600;293.65;293.65;293.58;293.65;2355
251101;231700;293.66;293.7;293.65;293.7;8985
251101;231800;293.69;293.7;293.66;293.69;10492
251101;231900;293.69;293.7;293.69;293.7;9247
251101;232000;293.69;293.7;293.69;293.69;12119
251101;232100;293.69;293.7;293.69;293.69;12340
251101;232200;293.7;293.7;293.68;293.7;1530
251101;232300;293.68;293.7;293.68;293.69;10900
251101;232400;293.69;293.7;293.69;293.69;2822
251101;232500;293.7;293.7;293.66;293.67;3888
251101;232600;293.66;293.67;293.66;293.67;214
251101;232700;293.67;293.67;293.66;293.67;2268
251101;232800;293.67;293.67;293.66;293.67;811
251101;232900;293.67;293.67;293.61;293.63;3602
251101;233000;293.63;293.63;293.58;293.62;3063
251101;233100;293.58;293.62;293.44;293.5;22669
251101;233200;293.47;293.47;293.39;293.43;904
251101;233300;293.39;293.43;293.35;293.36;1073
251101;233400;293.32;293.36;293.3;293.32;1556
251101;233500;293.32;293.49;293.32;293.49;16688
251101;233600;293.37;293.48;293.37;293.48;468
251101;233700;293.48;293.5;293.43;293.5;87958
251101;233800;293.46;293.5;293.39;293.5;10429
251101;233900;293.5;293.5;293.43;293.43;538
251101;234000;293.43;293.43;293.41;293.42;582
251101;234100;293.43;293.43;293.42;293.43;1513
251101;234200;293.42;293.44;293.42;293.44;10021
251101;234300;293.44;293.5;293.42;293.5;2840
251101;234400;293.5;293.5;293.43;293.49;9606
251101;234500;293.45;293.5;293.45;293.5;4047
251101;234600;293.5;293.5;293.45;293.5;14765
251101;234700;293.5;293.5;293.45;293.46;2021
251101;234800;293.49;293.5;293.37;293.49;15482
251101;234900;293.49;293.86;293.38;293.7;95534
251103;070000;294.2;294.77;294.2;294.65;83513
251103;070100;294.65;294.77;294.61;294.76;59337
251103;070200;294.71;294.77;294.5;294.5;32485
251103;070300;294.5;294.55;294.41;294.54;23157
251103;070400;294.54;294.55;294.42;294.55;2386
251103;070500;294.55;294.67;294.51;294.66;7952
251103;070600;294.66;294.67;294.66;294.66;4872
251103;070700;294.67;294.77;294.67;294.77;23856
251103;070800;294.76;294.77;294.75;294.77;21326
251103;070900;294.75;294.77;294.75;294.75;7208
251103;071000;294.75;294.76;294.73;294.74;5127
251103;071100;294.74;294.74;294.66;294.66;553
251103;071200;294.66;294.67;294.66;294.67;2594
251103;071300;294.67;294.74;294.67;294.73;3275
251103;071400;294.73;294.73;294.51;294.51;10950
251103;071500;294.51;294.62;294.51;294.61;10899
251103;071600;294.61;294.61;294.53;294.54;2425
251103;071700;294.54;294.59;294.51;294.53;6922
251103;071800;294.53;294.53;294.5;294.5;22348
251103;071900;294.5;294.59;294.49;294.49;126625
251103;072000;294.48;294.48;294.41;294.41;204
251103;072100;294.42;294.46;294.41;294.46;49
251103;072200;294.42;294.49;294.33;294.33;19812
251103;072300;294.39;294.41;294.38;294.41;843
251103;072400;294.41;294.46;294.38;294.46;8466
251103;072500;294.4;294.46;294.4;294.46;1066
251103;072600;294.46;294.5;294.45;294.5;5701
251103;072700;294.5;294.5;294.47;294.48;1196
251103;072800;294.48;294.48;294.41;294.45;10278
251103;072900;294.45;294.48;294.45;294.48;1984
251103;073000;294.47;294.48;294.45;294.47;12474
251103;073100;294.48;294.5;294.45;294.46;15198
251103;073200;294.5;294.5;294.46;294.47;380
251103;073300;294.46;294.47;294.41;294.46;9836
251103;073400;294.45;294.45;294.41;294.42;178
251103;073500;294.42;294.42;294.41;294.42;3185
251103;073600;294.42;294.47;294.41;294.42;2440
251103;073700;294.42;294.47;294.42;294.42;11720
251103;073800;294.42;294.47;294.42;294.43;3587
251103;073900;294.43;294.48;294.43;294.48;983
251103;074000;294.48;294.49;294.47;294.48;771
251103;074100;294.48;294.48;294.47;294.48;378
251103;074200;294.48;294.48;294.47;294.48;10996
251103;074300;294.48;294.66;294.48;294.66;25804
251103;074400;294.67;294.68;294.66;294.67;864
251103;074500;294.67;294.76;294.67;294.74;2084
251103;074600;294.74;294.76;294.73;294.74;615
251103;074700;294.74;294.77;294.73;294.77;4152
251103;074800;294.75;294.77;294.73;294.74;18171
251103;074900;294.74;294.98;294.73;294.98;96002
251103;075000;294.96;295.68;294.96;295.57;198091
251103;075100;295.57;295.57;295.3;295.37;4899
251103;075200;295.39;295.39;295.3;295.32;2607
251103;075300;295.32;295.65;295.3;295.64;74783
251103;075400;295.65;295.67;295.58;295.65;10843
251103;075500;295.57;295.61;295.48;295.59;15103
251103;075600;295.58;295.62;295.55;295.61;8191
251103;075700;295.62;295.64;295.55;295.58;8104
251103;075800;295.58;295.59;295.46;295.47;11511
251103;075900;295.46;295.47;295.37;295.46;3404
251103;080000;295.46;295.46;295.4;295.43;2075
251103;080100;295.4;295.46;295.4;295.45;713
251103;080200;295.46;295.47;295.45;295.47;1181
251103;080300;295.47;295.47;295.45;295.46;1392
251103;080400;295.46;295.48;295.46;295.48;2745
251103;080500;295.48;295.48;295.39;295.39;1765
251103;080600;295.44;295.45;295.39;295.42;3767
251103;080700;295.45;295.45;295.42;295.43;1373
251103;080800;295.42;295.45;295.42;295.45;1108
251103;080900;295.45;295.45;295.42;295.42;2289
251103;081000;295.42;295.43;295.37;295.37;3250
251103;081100;295.4;295.4;295.31;295.31;15855
251103;081200;295.4;295.4;295.31;295.39;300
251103;081300;295.39;295.39;295.3;295.3;6443
251103;081400;295.3;295.31;295.21;295.22;8467
251103;081500;295.21;295.26;295.07;295.2;12798
251103;081600;295.2;295.26;295.2;295.24;381
251103;081700;295.24;295.26;295.24;295.25;920
251103;081800;295.25;295.28;295.24;295.26;1538
251103;081900;295.28;295.28;295.24;295.25;1046
251103;082000;295.28;295.28;295.24;295.25;998
251103;082100;295.25;295.3;295.25;295.29;10619
251103;082200;295.3;295.3;295.26;295.27;5273
251103;082300;295.27;295.3;295.25;295.29;15363
251103;082400;295.29;295.29;295.27;295.29;399
251103;082500;295.29;295.3;295.28;295.3;1056
251103;082600;295.29;295.3;295.2;295.3;54660
251103;082700;295.21;295.29;295.21;295.21;1282
251103;082800;295.21;295.21;295.2;295.21;369
251103;082900;295.21;295.21;295.2;295.21;4066
251103;083000;295.15;295.21;295.15;295.2;407
251103;083100;295.2;295.21;295.16;295.16;2100
251103;083200;295.16;295.17;295.14;295.16;542
251103;083300;295.15;295.17;295.15;295.17;1777
251103;083400;295.16;295.17;295.15;295.16;4774
251103;083500;295.16;295.16;295.1;295.16;6512
251103;083600;295.16;295.29;295.14;295.22;16965
251103;083700;295.22;295.29;295.22;295.23;35
251103;083800;295.28;295.29;295.14;295.29;2165
251103;083900;295.23;295.29;295.23;295.29;87
251103;084000;295.29;295.29;295.26;295.29;970
251103;084100;295.29;295.29;295.27;295.28;2177
251103;084200;295.29;295.29;295.22;295.29;3530
251103;084300;295.29;295.3;295.24;295.24;11167
251103;084400;295.29;295.3;295.24;295.29;4278
251103;084500;295.26;295.3;295.25;295.25;3893
251103;084600;295.25;295.28;295.24;295.24;752
251103;084700;295.28;295.3;295.25;295.28;50336
251103;084800;295.25;295.28;295.24;295.27;450
251103;084900;295.27;295.37;295.27;295.37;116952
251103;085000;295.37;295.37;295.36;295.37;787
251103;085100;295.37;295.37;295.33;295.33;4835
251103;085200;295.37;295.37;295.33;295.33;1645
251103;085300;295.34;295.34;295.32;295.34;889
251103;085400;295.34;295.38;295.32;295.32;3049
251103;085500;295.38;295.38;295.32;295.38;110
251103;085600;295.38;295.5;295.33;295.37;26595
251103;085700;295.48;295.5;295.4;295.48;1097
251103;085800;295.48;295.5;295.46;295.48;2269
251103;085900;295.46;295.5;295.45;295.5;11119
251103;090000;295.47;295.99;295.45;295.95;99976
251103;090100;295.97;296.54;295.91;296.31;180916
251103;090200;296.32;296.32;296.07;296.2;40318
251103;090300;296.21;296.32;296.2;296.21;31554
251103;090400;296.2;296.46;296.2;296.46;50337
251103;090500;296.46;296.78;296.32;296.78;84111
251103;090600;296.72;296.78;296.68;296.68;49697
251103;090700;296.68;296.7;296.54;296.7;43412
251103;090800;296.7;296.75;296.57;296.74;35909
251103;090900;296.75;296.81;296.7;296.77;116298
251103;091000;296.77;297;296.73;296.99;140117
251103;091100;296.99;297.33;296.98;297.18;164089
251103;091200;297.18;297.23;297;297.23;49811
251103;091300;297.24;297.44;297.09;297.22;57468
251103;091400;297.05;297.19;297;297.03;23592
251103;091500;297.03;297.06;297;297.05;40149
251103;091600;297.03;297.08;296.82;296.84;141608
251103;091700;296.9;297;296.76;296.77;72386
251103;091800;296.76;296.85;296.7;296.75;35998
251103;091900;296.75;296.75;296.63;296.63;22867
251103;092000;296.65;296.75;296.64;296.74;12510
251103;092100;296.67;296.73;296.58;296.6;75643
251103;092200;296.6;296.61;296.35;296.41;51314
251103;092300;296.41;296.65;296.31;296.52;27545
251103;092400;296.52;296.79;296.52;296.75;6798
251103;092500;296.75;297.1;296.71;297;38377
251103;092600;297;297.14;296.99;297;25746
251103;092700;297.1;297.1;296.88;296.88;22983
251103;092800;296.97;296.97;296.85;296.85;97995
251103;092900;296.87;296.94;296.85;296.94;1233
251103;093000;296.94;296.94;296.85;296.85;259
251103;093100;296.85;296.9;296.85;296.89;210
251103;093200;296.86;296.89;296.72;296.72;13341
251103;093300;296.72;296.78;296.64;296.67;14267
251103;093400;296.7;296.8;296.66;296.79;14333
251103;093500;296.78;296.88;296.64;296.77;24768
251103;093600;296.86;296.88;296.8;296.81;14307
251103;093700;296.81;297.04;296.8;297.04;35865
251103;093800;297.04;297.12;297.04;297.11;21905
251103;093900;297.11;297.12;297.04;297.04;21536
251103;094000;297.06;297.07;297;297;6688
251103;094100;297;297.01;297;297.01;5275
251103;094200;297;297.05;297;297;6779
251103;094300;297.03;297.08;297;297;5185
251103;094400;297.02;297.2;297;297.1;52019
251103;094500;297.04;297.09;297;297;10965
251103;094600;297.05;297.05;297;297;5374
251103;094700;297;297.03;296.97;297.01;4807
251103;094800;297;297.2;296.99;297.07;25071
251103;094900;297.08;297.1;297.07;297.09;2603
251103;095000;297.08;297.2;297.07;297.18;17116
251103;095100;297.18;297.2;297.13;297.18;12060
251103;095200;297.18;297.27;297.13;297.17;12862
251103;095300;297.26;297.26;296.95;297.14;30633
251103;095400;297.15;297.25;297.05;297.24;45680
251103;095500;297.24;297.25;297.11;297.23;12470
251103;095600;297.24;297.28;297.23;297.27;25467
251103;095700;297.28;297.32;297.26;297.32;64061
251103;095800;297.32;297.37;297.27;297.3;13383
251103;095900;297.31;297.33;296.9;296.9;60835
251103;100000;296.9;297.62;296.9;297.62;170298
251103;100100;297.62;297.89;297.58;297.89;163644
251103;100200;297.87;297.98;297.82;297.91;80705
251103;100300;297.98;298.89;297.94;298.63;584287
251103;100400;298.63;298.68;298.41;298.59;180514
251103;100500;298.58;298.83;298.56;298.77;387624
251103;100600;298.75;299.1;298.68;298.96;233813
251103;100700;298.95;300;298.95;299.46;785693
251103;100800;299.48;299.73;299.46;299.62;166731
251103;100900;299.62;299.69;299.51;299.51;113465
251103;101000;299.54;299.55;299.14;299.14;110191
251103;101100;299.16;299.19;299.12;299.12;45652
251103;101200;299.12;299.14;299.05;299.12;112636
251103;101300;299.12;299.12;299.04;299.04;21118
251103;101400;299.08;299.08;298.77;298.82;170402
251103;101500;298.82;298.94;298.77;298.85;135551
251103;101600;298.84;298.88;298.77;298.83;17947
251103;101700;298.83;299;298.77;299;73088
251103;101800;299;299.16;298.97;299.07;25881
251103;101900;299.09;299.1;299.05;299.07;8992
251103;102000;299.07;299.1;299.07;299.08;10329
251103;102100;299.1;299.1;299.08;299.09;4193
251103;102200;299.08;299.09;299.05;299.05;16054
251103;102300;299.06;299.06;298.83;298.89;20340
251103;102400;298.85;298.99;298.78;298.94;16322
251103;102500;298.93;298.97;298.86;298.91;6879
251103;102600;298.9;298.91;298.78;298.82;23103
251103;102700;298.8;298.86;298.78;298.79;10937
251103;102800;298.78;298.79;298.78;298.78;6465
251103;102900;298.78;298.8;298.77;298.8;8266
251103;103000;298.78;298.98;298.78;298.94;24227
251103;103100;298.96;298.98;298.77;298.86;28208
251103;103200;298.82;298.88;298.77;298.77;9817
251103;103300;298.76;298.83;298.64;298.82;27713
251103;103400;298.83;298.9;298.72;298.82;21979
251103;103500;298.85;298.85;298.78;298.83;7302
251103;103600;298.83;298.84;298.83;298.84;4643
251103;103700;298.84;298.98;298.84;298.95;29260
251103;103800;298.96;298.98;298.93;298.93;49616
251103;103900;298.94;298.94;298.61;298.89;72729
251103;104000;298.81;298.97;298.77;298.97;18829
251103;104100;298.96;299.04;298.91;299.04;25425
251103;104200;299.04;299.09;299;299.02;38431
251103;104300;299.05;299.2;299.05;299.19;84558
251103;104400;299.2;299.2;299.19;299.2;14882
251103;104500;299.2;299.2;299.11;299.12;25109
251103;104600;299.12;299.12;299.01;299.05;9575
251103;104700;299.03;299.03;298.86;298.99;41654
251103;104800;298.99;299;298.92;299;8342
251103;104900;298.99;299;298.97;298.97;5600
251103;105000;298.98;299;298.92;299;34656
251103;105100;298.99;299.2;298.99;299.19;24872
251103;105200;299.19;299.23;299.02;299.06;36847
251103;105300;299.06;299.15;298.98;299.15;19147
251103;105400;299.15;299.17;299.04;299.12;6191
251103;105500;299.14;299.16;299.04;299.11;11265
251103;105600;299.08;299.15;299.08;299.11;17294
251103;105700;299.1;299.11;299.04;299.07;8108
251103;105800;299.08;299.15;299.05;299.06;8758
251103;105900;299.05;299.2;299.04;299.11;55900
251103;110000;299.1;299.29;299.05;299.21;69257
251103;110100;299.2;299.2;299.11;299.2;11728
251103;110200;299.19;299.19;299.04;299.05;71310
251103;110300;299.04;299.05;298.66;298.68;92283
251103;110400;298.69;298.88;298.68;298.84;26443
251103;110500;298.84;298.84;298.69;298.76;28942
251103;110600;298.75;298.77;298.56;298.56;68402
251103;110700;298.57;298.94;298.56;298.78;55372
251103;110800;298.77;298.83;298.7;298.73;3081
251103;110900;298.71;298.73;298.58;298.65;13138
251103;111000;298.65;298.75;298.61;298.71;12865
251103;111100;298.71;298.73;298.59;298.6;31200
251103;111200;298.6;298.69;298.57;298.57;19962
251103;111300;298.58;298.58;298.35;298.47;232256
251103;111400;298.47;298.69;298.47;298.65;51760
251103;111500;298.66;298.73;298.65;298.69;29005
251103;111600;298.68;298.68;298.53;298.63;25593
251103;111700;298.59;298.61;298.35;298.43;37690
251103;111800;298.41;298.47;298.37;298.4;21218
251103;111900;298.39;298.45;298.34;298.34;39174
251103;112000;298.35;298.35;298.08;298.1;216568
251103;112100;298.09;298.24;298.09;298.17;37041
251103;112200;298.17;298.17;298.09;298.16;15763
251103;112300;298.16;298.17;297.92;297.94;142215
251103;112400;297.94;298;297.92;297.96;50371
251103;112500;297.96;297.98;297.95;297.98;50578
251103;112600;297.98;298;297.95;297.95;20427
251103;112700;297.95;297.97;297.88;297.9;54071
251103;112800;297.9;297.94;297.88;297.92;6005
251103;112900;297.91;297.94;297.91;297.92;12388
251103;113000;297.93;298.25;297.92;298.25;305532
251103;113100;298.25;298.3;298.13;298.15;85481
251103;113200;298.15;298.15;298.1;298.12;5008
251103;113300;298.11;298.12;298.02;298.08;9006
251103;113400;298.08;298.08;297.96;297.96;8386
251103;113500;298;298;297.77;297.8;114509
251103;113600;297.81;297.81;297.41;297.6;100821
251103;113700;297.61;297.62;297.5;297.53;17964
251103;113800;297.54;297.59;297.5;297.55;32197
251103;113900;297.59;297.62;297.47;297.62;35974
251103;114000;297.62;297.81;297.56;297.81;82291
251103;114100;297.81;297.96;297.8;297.87;33439
251103;114200;297.87;297.91;297.78;297.8;23017
251103;114300;297.87;297.97;297.78;297.9;30215
251103;114400;297.9;297.9;297.83;297.9;6281
251103;114500;297.89;297.9;297.79;297.8;7029
251103;114600;297.8;297.8;297.69;297.74;8642
251103;114700;297.73;297.73;297.62;297.72;22014
251103;114800;297.72;297.75;297.7;297.72;3222
251103;114900;297.72;297.81;297.67;297.79;5506
251103;115000;297.77;297.85;297.65;297.77;21888
251103;115100;297.77;297.77;297.68;297.75;7789
251103;115200;297.75;297.75;297.67;297.68;4303
251103;115300;297.68;297.78;297.63;297.71;10635
251103;115400;297.73;297.97;297.69;297.88;29163
251103;115500;297.88;297.93;297.78;297.84;8691
251103;115600;297.83;298;297.82;297.99;49477
251103;115700;298;298.12;297.99;298.12;38991
251103;115800;298.1;298.13;298.06;298.12;9532
251103;115900;298.11;298.12;298.02;298.05;10294
251103;120000;298.05;298.16;298.05;298.16;24690
251103;120100;298.15;298.16;298;298;24390
251103;120200;298.02;298.12;297.99;298.02;51167
251103;120300;298.05;298.09;297.93;298.02;25465
251103;120400;297.95;298.04;297.94;298.04;5593
251103;120500;298.04;298.1;298.01;298.05;10251
251103;120600;298.05;298.07;298;298.06;6087
251103;120700;298.07;298.08;298.02;298.05;7987
251103;120800;298.04;298.04;298;298.01;4554
251103;120900;298.02;298.02;297.96;297.97;6291
251103;121000;297.97;297.99;297.93;297.93;8420
251103;121100;297.93;297.97;297.86;297.94;12763
251103;121200;297.94;297.96;297.88;297.9;4931
251103;121300;297.9;297.98;297.86;297.93;15055
251103;121400;297.96;298.05;297.9;298;29701
251103;121500;298.04;298.07;298;298.01;4960
251103;121600;298.02;298.09;298;298.01;11676
251103;121700;298.01;298.01;297.85;297.92;19250
251103;121800;297.9;297.94;297.84;297.88;4329
251103;121900;297.91;297.95;297.85;297.95;9220
251103;122000;297.87;297.93;297.87;297.9;4770
251103;122100;297.9;297.9;297.63;297.71;74389
251103;122200;297.69;297.69;297.5;297.51;31570
251103;122300;297.51;297.53;297.48;297.53;18722
251103;122400;297.54;297.57;297.51;297.53;4122
251103;122500;297.53;297.53;297.29;297.49;78037
251103;122600;297.5;297.7;297.49;297.66;19606
251103;122700;297.64;297.65;297.6;297.63;44475
251103;122800;297.63;297.63;297.6;297.63;20288
251103;122900;297.63;297.63;297.55;297.55;2079
251103;123000;297.56;297.67;297.55;297.65;10910
251103;123100;297.67;297.68;297.57;297.58;9401
251103;123200;297.57;297.67;297.52;297.67;29231
251103;123300;297.68;297.75;297.67;297.72;4236
251103;123400;297.72;297.74;297.69;297.74;5512
251103;123500;297.74;297.8;297.74;297.8;6962
251103;123600;297.8;297.8;297.76;297.76;8565
251103;123700;297.76;297.76;297.69;297.7;3614
251103;123800;297.7;297.7;297.62;297.65;7767
251103;123900;297.64;297.64;297.62;297.63;4623
251103;124000;297.62;297.77;297.61;297.62;31938
251103;124100;297.62;297.62;297.6;297.61;5105
251103;124200;297.6;297.79;297.6;297.63;30428
251103;124300;297.64;297.64;297.39;297.44;72701
251103;124400;297.43;297.48;297.43;297.45;6082
251103;124500;297.44;297.48;297.4;297.48;7197
251103;124600;297.47;297.59;297.38;297.58;84102
251103;124700;297.59;297.62;297.38;297.39;66600
251103;124800;297.38;297.38;297.24;297.25;87731
251103;124900;297.26;297.28;297.18;297.24;35168
251103;125000;297.2;297.31;297.19;297.31;4482
251103;125100;297.31;297.36;297.25;297.36;6093
251103;125200;297.33;297.45;297.33;297.45;213221
251103;125300;297.45;297.45;297.44;297.44;23862
251103;125400;297.44;297.45;297.44;297.45;3819
251103;125500;297.44;297.45;297.42;297.45;11803
251103;125600;297.45;297.45;297.44;297.45;9959
251103;125700;297.45;297.45;297.44;297.45;4228
251103;125800;297.45;297.45;297.44;297.45;5178
251103;125900;297.45;297.45;297.26;297.32;44941
251103;130000;297.33;297.36;297.32;297.34;3319
251103;130100;297.34;297.34;297.14;297.14;70073
251103;130200;297.15;297.3;297.12;297.3;20650
251103;130300;297.3;297.32;297.25;297.25;3057
251103;130400;297.24;297.31;297.18;297.29;19805
251103;130500;297.29;297.33;297.26;297.33;1892
251103;130600;297.33;297.7;297.31;297.56;92147
251103;130700;297.56;297.6;297.52;297.54;3358
251103;130800;297.53;297.54;297.42;297.46;2772
251103;130900;297.44;297.46;297.41;297.44;3121
251103;131000;297.43;297.59;297.41;297.59;20209
251103;131100;297.58;297.63;297.55;297.62;5685
251103;131200;297.61;297.9;297.61;297.83;81815
251103;131300;297.84;297.87;297.72;297.75;20444
251103;131400;297.75;297.76;297.68;297.71;6293
251103;131500;297.67;297.7;297.63;297.64;3258
251103;131600;297.65;297.7;297.61;297.65;7814
251103;131700;297.64;297.65;297.58;297.58;3206
251103;131800;297.59;297.59;297.53;297.56;2665
251103;131900;297.56;297.71;297.55;297.64;7964
251103;132000;297.64;297.67;297.58;297.64;6578
251103;132100;297.64;297.76;297.59;297.59;6807
251103;132200;297.63;297.63;297.54;297.56;6729
251103;132300;297.57;297.57;297.56;297.57;2515
251103;132400;297.57;297.57;297.55;297.56;5308
251103;132500;297.56;297.81;297.55;297.81;56550
251103;132600;297.81;297.81;297.67;297.79;18091
251103;132700;297.8;297.8;297.68;297.68;6396
251103;132800;297.68;297.77;297.66;297.74;5634
251103;132900;297.74;297.74;297.63;297.63;4207
251103;133000;297.63;297.72;297.46;297.68;11451
251103;133100;297.71;297.71;297.55;297.67;7645
251103;133200;297.64;297.7;297.62;297.7;4848
251103;133300;297.7;297.79;297.67;297.77;12774
251103;133400;297.78;297.78;297.69;297.78;6700
251103;133500;297.75;297.79;297.71;297.74;5615
251103;133600;297.74;297.83;297.71;297.77;12167
251103;133700;297.77;297.77;297.65;297.71;16898
251103;133800;297.71;297.71;297.68;297.7;2609
251103;133900;297.71;297.71;297.68;297.69;8750
251103;134000;297.69;297.81;297.68;297.76;6987
251103;134100;297.76;297.8;297.71;297.76;3353
251103;134200;297.76;297.77;297.71;297.72;7282
251103;134300;297.73;297.73;297.69;297.69;3644
251103;134400;297.7;297.7;297.67;297.67;4312
251103;134500;297.68;297.68;297.6;297.61;4070
251103;134600;297.62;297.68;297.62;297.65;2573
251103;134700;297.65;297.65;297.53;297.55;4173
251103;134800;297.55;297.56;297.47;297.49;7603
251103;134900;297.46;297.49;297.35;297.4;9837
251103;135000;297.4;297.51;297.4;297.41;3821
251103;135100;297.43;297.45;297.39;297.45;2758
251103;135200;297.44;297.49;297.38;297.49;4058
251103;135300;297.48;297.66;297.48;297.58;11827
251103;135400;297.58;297.58;297.41;297.41;6715
251103;135500;297.42;297.43;297.41;297.43;1950
251103;135600;297.42;297.58;297.42;297.54;3480
251103;135700;297.54;297.54;297.52;297.54;3447
251103;135800;297.53;297.53;297.49;297.49;2363
251103;135900;297.5;297.58;297.45;297.52;8056
251103;140000;297.52;297.56;297.45;297.55;1699
251103;140100;297.52;297.55;297.45;297.46;2851
251103;140200;297.49;297.55;297.48;297.51;738
251103;140300;297.52;297.53;297.48;297.52;1096
251103;140400;297.52;297.52;297.48;297.52;473
251103;140500;297.53;297.58;297.51;297.58;2665
251103;140600;297.58;297.62;297.55;297.56;1744
251103;140700;297.56;297.62;297.53;297.6;1831
251103;140800;297.6;297.6;297.56;297.56;641
251103;140900;297.57;297.57;297.56;297.56;1053
251103;141000;297.57;297.57;297.51;297.51;15602
251103;141100;297.51;297.51;297.48;297.48;4901
251103;141200;297.48;297.49;297.46;297.48;1231
251103;141300;297.47;297.57;297.47;297.54;7721
251103;141400;297.53;297.56;297.5;297.56;11209
251103;141500;297.56;297.63;297.56;297.62;7159
251103;141600;297.62;297.65;297.57;297.6;22465
251103;141700;297.58;297.61;297.54;297.55;18834
251103;141800;297.56;297.73;297.56;297.72;14027
251103;141900;297.72;297.72;297.6;297.7;8097
251103;142000;297.66;297.77;297.62;297.77;11965
251103;142100;297.73;297.75;297.66;297.68;1048
251103;142200;297.68;297.75;297.66;297.75;1009
251103;142300;297.75;297.77;297.73;297.76;847
251103;142400;297.76;297.77;297.54;297.54;27052
251103;142500;297.53;297.85;297.52;297.81;65385
251103;142600;297.81;297.81;297.75;297.81;7609
251103;142700;297.8;297.97;297.8;297.97;126048
251103;142800;297.97;298.02;297.96;298.01;33479
251103;142900;298.02;298.13;298.02;298.09;40743
251103;143000;298.09;298.56;298.09;298.44;115309
251103;143100;298.45;298.63;298.45;298.57;66750
251103;143200;298.57;298.6;298.39;298.59;47648
251103;143300;298.59;298.59;298.53;298.56;16385
251103;143400;298.55;298.55;298.49;298.52;5055
251103;143500;298.52;298.56;298.48;298.55;9265
251103;143600;298.55;298.56;298.5;298.54;11307
251103;143700;298.55;298.55;298.5;298.51;21854
251103;143800;298.5;298.54;298.42;298.5;11539
251103;143900;298.52;298.53;298.43;298.43;16821
251103;144000;298.43;298.5;298.43;298.46;12974
251103;144100;298.44;298.54;298.44;298.49;5158
251103;144200;298.5;298.51;298.48;298.51;24115
251103;144300;298.51;298.54;298.49;298.53;6782
251103;144400;298.53;298.55;298.49;298.49;6869
251103;144500;298.49;298.5;298.4;298.42;21405
251103;144600;298.48;298.48;298.4;298.4;10582
251103;144700;298.4;298.41;298.32;298.4;22530
251103;144800;298.4;298.41;298.33;298.37;10884
251103;144900;298.37;298.37;298.31;298.34;1174
251103;145000;298.34;298.45;298.34;298.42;10649
251103;145100;298.43;298.43;298.35;298.38;995
251103;145200;298.38;298.4;298.35;298.39;979
251103;145300;298.4;298.4;298.34;298.36;2702
251103;145400;298.35;298.36;298.22;298.22;23504
251103;145500;298.25;298.27;298.21;298.25;3406
251103;145600;298.24;298.24;298.22;298.24;686
251103;145700;298.24;298.24;298.19;298.24;7178
251103;145800;298.24;298.24;298.23;298.24;3593
251103;145900;298.23;298.24;298.13;298.15;85194
251103;150000;298.17;298.27;298.14;298.27;6483
251103;150100;298.26;298.27;298.21;298.25;5243
251103;150200;298.25;298.27;298.19;298.25;5813
251103;150300;298.28;298.28;298.23;298.28;4906
251103;150400;298.28;298.28;298.27;298.28;1459
251103;150500;298.27;298.29;298.27;298.27;1346
251103;150600;298.27;298.28;298.23;298.23;833
251103;150700;298.23;298.25;298.22;298.23;903
251103;150800;298.22;298.29;298.22;298.26;3882
251103;150900;298.27;298.28;298.23;298.28;1935
251103;151000;298.28;298.29;298.27;298.29;1999
251103;151100;298.29;298.45;298.27;298.45;26152
251103;151200;298.42;298.45;298.42;298.44;3222
251103;151300;298.44;298.45;298.43;298.45;3076
251103;151400;298.45;298.5;298.44;298.48;12392
251103;151500;298.49;298.5;298.44;298.45;25188
251103;151600;298.45;298.5;298.44;298.47;9082
251103;151700;298.45;298.46;298.44;298.46;1725
251103;151800;298.45;298.54;298.44;298.46;23180
251103;151900;298.46;298.52;298.45;298.47;5974
251103;152000;298.52;298.55;298.52;298.55;15823
251103;152100;298.54;298.55;298.54;298.55;916
251103;152200;298.54;298.58;298.54;298.57;7903
251103;152300;298.58;298.59;298.58;298.59;3850
251103;152400;298.59;298.59;298.5;298.5;3900
251103;152500;298.5;298.5;298.44;298.46;6349
251103;152600;298.48;298.52;298.45;298.47;1676
251103;152700;298.48;298.49;298.46;298.46;1207
251103;152800;298.47;298.49;298.46;298.48;540
251103;152900;298.48;298.53;298.47;298.51;8164
251103;153000;298.51;298.51;298.45;298.47;2920
251103;153100;298.47;298.5;298.42;298.44;8630
251103;153200;298.43;298.43;298.24;298.34;7303
251103;153300;298.33;298.33;298.27;298.33;2130
251103;153400;298.33;298.35;298.29;298.29;3003
251103;153500;298.32;298.44;298.28;298.44;18340
251103;153600;298.44;298.46;298.35;298.39;8389
251103;153700;298.39;298.42;298.26;298.39;10823
251103;153800;298.35;298.39;298.32;298.36;3083
251103;153900;298.38;298.43;298.26;298.4;5832
251103;154000;298.41;298.41;298.29;298.34;962
251103;154100;298.33;298.35;298.29;298.33;1146
251103;154200;298.32;298.41;298.29;298.3;8755
251103;154300;298.33;298.33;298.17;298.2;3763
251103;154400;298.2;298.25;298.19;298.22;1755
251103;154500;298.22;298.25;298.21;298.22;2106
251103;154600;298.22;298.25;298.21;298.24;1157
251103;154700;298.25;298.26;298.2;298.26;1558
251103;154800;298.24;298.3;298.2;298.27;8522
251103;154900;298.26;298.27;298.19;298.24;2467
251103;155000;298.24;298.25;298.23;298.25;1584
251103;155100;298.24;298.24;298.18;298.23;2323
251103;155200;298.22;298.22;298.18;298.19;1526
251103;155300;298.17;298.19;298.11;298.18;6088
251103;155400;298.18;298.18;298.14;298.17;1442
251103;155500;298.17;298.2;298.17;298.2;14565
251103;155600;298.19;298.2;298.19;298.2;1435
251103;155700;298.2;298.23;298.15;298.19;17711
251103;155800;298.19;298.19;298.13;298.18;1152
251103;155900;298.18;298.18;298.1;298.12;1641
251103;160000;298.11;298.2;298.11;298.16;2523
251103;160100;298.16;298.2;298.15;298.19;2756
251103;160200;298.2;298.2;298.19;298.2;269
251103;160300;298.2;298.2;298.18;298.18;3861
251103;160400;298.18;298.18;298.13;298.17;622
251103;160500;298.18;298.23;298.18;298.21;9070
251103;160600;298.22;298.22;298.2;298.21;3036
251103;160700;298.21;298.21;298.15;298.17;856
251103;160800;298.17;298.17;298.07;298.07;13989
251103;160900;298.07;298.09;298.02;298.02;3899
251103;161000;298.03;298.09;298.02;298.06;10234
251103;161100;298.06;298.16;298.05;298.12;1115
251103;161200;298.14;298.17;298.13;298.15;1011
251103;161300;298.15;298.2;298.15;298.19;16405
251103;161400;298.19;298.19;298.1;298.11;10425
251103;161500;298.11;298.11;297.74;297.75;76205
251103;161600;297.75;297.75;297.57;297.75;41095
251103;161700;297.75;297.88;297.75;297.8;11540
251103;161800;297.8;297.92;297.8;297.89;5004
251103;161900;297.89;297.89;297.76;297.77;8164
251103;162000;297.79;297.81;297.79;297.81;5707
251103;162100;297.81;297.82;297.8;297.81;90
251103;162200;297.82;297.82;297.8;297.81;3436
251103;162300;297.8;297.82;297.8;297.82;11431
251103;162400;297.82;297.86;297.82;297.83;1299
251103;162500;297.84;297.95;297.84;297.94;8619
251103;162600;297.93;297.95;297.87;297.87;4314
251103;162700;297.87;297.88;297.87;297.87;249
251103;162800;297.87;297.88;297.87;297.88;550
251103;162900;297.88;297.88;297.87;297.87;416
251103;163000;297.87;297.9;297.87;297.9;2255
251103;163100;297.9;297.9;297.87;297.88;1883
251103;163200;297.87;297.88;297.87;297.88;637
251103;163300;297.88;297.88;297.75;297.75;60440
251103;163400;297.75;297.76;297.7;297.71;9662
251103;163500;297.7;297.78;297.7;297.78;13233
251103;163600;297.78;297.78;297.75;297.75;2125
251103;163700;297.75;297.79;297.74;297.79;6377
251103;163800;297.79;297.8;297.76;297.8;1680
251103;163900;297.8;297.8;297.74;297.75;10968
251103;164000;297.74;297.86;297.74;297.85;4706
251103;164100;297.85;297.89;297.82;297.88;1100
251103;164200;297.89;297.89;297.88;297.88;1624
251103;164300;297.89;298;297.89;297.96;16351
251103;164400;297.95;297.95;297.88;297.91;4290
251103;164500;297.9;297.93;297.88;297.91;2021
251103;164600;297.91;297.92;297.86;297.89;6416
251103;164700;297.91;297.91;297.86;297.89;1824
251103;164800;297.88;297.89;297.86;297.87;184
251103;164900;297.87;297.87;297.86;297.87;399
251103;165000;297.86;297.87;297.86;297.87;886
251103;165100;297.86;297.87;297.83;297.85;13997
251103;165200;297.86;297.86;297.75;297.75;3424
251103;165300;297.76;297.76;297.67;297.7;16670
251103;165400;297.71;297.83;297.7;297.76;36066
251103;165500;297.73;297.79;297.73;297.77;2369
251103;165600;297.77;297.84;297.75;297.84;7858
251103;165700;297.85;297.85;297.81;297.84;12586
251103;165800;297.84;297.84;297.74;297.75;37295
251103;165900;297.75;297.75;297.72;297.72;18629
251103;170000;297.73;297.9;297.73;297.86;79515
251103;170100;297.86;297.86;297.85;297.86;2595
251103;170200;297.85;297.87;297.75;297.84;19524
251103;170300;297.83;297.85;297.83;297.85;375
251103;170400;297.85;297.85;297.84;297.84;973
251103;170500;297.84;297.85;297.8;297.82;3102
251103;170600;297.81;297.87;297.81;297.81;2677
251103;170700;297.85;297.87;297.7;297.75;78734
251103;170800;297.74;297.74;297.6;297.65;35921
251103;170900;297.65;297.67;297.64;297.66;1316
251103;171000;297.65;297.71;297.62;297.7;6049
251103;171100;297.7;297.7;297.6;297.64;10160
251103;171200;297.64;297.67;297.61;297.63;26753
251103;171300;297.63;297.64;297.6;297.6;9560
251103;171400;297.62;297.68;297.61;297.68;6242
251103;171500;297.67;297.74;297.64;297.74;3113
251103;171600;297.74;297.74;297.71;297.72;2582
251103;171700;297.72;297.76;297.67;297.72;11195
251103;171800;297.72;297.87;297.72;297.81;36482
251103;171900;297.81;297.85;297.8;297.85;196
251103;172000;297.85;297.86;297.75;297.78;1585
251103;172100;297.77;297.83;297.77;297.77;881
251103;172200;297.77;297.85;297.77;297.84;1713
251103;172300;297.84;297.84;297.83;297.83;1516
251103;172400;297.84;297.84;297.83;297.83;628
251103;172500;297.83;297.83;297.79;297.8;125
251103;172600;297.8;297.8;297.79;297.8;900
251103;172700;297.79;297.83;297.7;297.7;18724
251103;172800;297.69;297.75;297.66;297.73;2565
251103;172900;297.76;297.81;297.74;297.76;5905
251103;173000;297.76;297.86;297.76;297.77;20286
251103;173100;297.77;297.8;297.77;297.79;200
251103;173200;297.78;297.79;297.71;297.77;4621
251103;173300;297.74;297.8;297.74;297.79;4380
251103;173400;297.8;297.84;297.79;297.82;5090
251103;173500;297.83;297.87;297.81;297.86;18207
251103;173600;297.86;297.88;297.84;297.85;1889
251103;173700;297.84;297.9;297.81;297.89;51230
251103;173800;297.89;297.9;297.88;297.89;181
251103;173900;297.9;297.96;297.89;297.92;31427
251103;174000;297.91;298.18;297.91;298;111547
251103;174100;298;298.13;297.99;298.04;12586
251103;174200;298.06;298.21;298.04;298.12;51298
251103;174300;298.1;298.13;298.06;298.1;2387
251103;174400;298.09;298.1;298.04;298.1;3173
251103;174500;298.1;298.13;298.09;298.1;14930
251103;174600;298.1;298.1;298.07;298.07;573
251103;174700;298.07;298.09;298.05;298.07;1063
251103;174800;298.1;298.13;298.06;298.06;11044
251103;174900;298.06;298.07;298.02;298.07;2278
251103;175000;298.04;298.04;297.96;298.03;22217
251103;175100;298.04;298.04;297.99;298.02;4284
251103;175200;298.02;298.03;297.99;297.99;5855
251103;175300;297.99;298;297.9;297.92;13281
251103;175400;297.92;297.92;297.88;297.9;1216
251103;175500;297.9;297.94;297.89;297.92;2059
251103;175600;297.92;297.95;297.91;297.94;457
251103;175700;297.93;297.93;297.85;297.9;6944
251103;175800;297.88;297.9;297.84;297.9;2889
251103;175900;297.9;298.08;297.88;298.08;35949
251103;180000;298.08;298.22;298.08;298.15;37532
251103;180100;298.12;298.14;298.01;298.03;9174
251103;180200;298.03;298.07;298.02;298.04;134
251103;180300;298.05;298.05;298;298;768
251103;180400;298.02;298.08;298;298.01;22006
251103;180500;298;298.01;297.94;298;9725
251103;180600;297.98;298;297.98;298;528
251103;180700;298;298.02;297.97;297.97;1854
251103;180800;297.98;298.02;297.93;297.97;5901
251103;180900;297.95;297.99;297.85;297.88;31818
251103;181000;297.88;297.88;297.81;297.83;1057
251103;181100;297.84;297.84;297.81;297.84;2517
251103;181200;297.83;297.84;297.83;297.83;511
251103;181300;297.84;297.84;297.8;297.81;9679
251103;181400;297.82;297.83;297.8;297.8;2980
251103;181500;297.8;297.8;297.74;297.76;6002
251103;181600;297.79;297.85;297.79;297.85;9021
251103;181700;297.85;297.85;297.77;297.85;5393
251103;181800;297.86;297.86;297.76;297.82;1031
251103;181900;297.83;297.83;297.77;297.81;1361
251103;182000;297.78;297.85;297.78;297.85;1522
251103;182100;297.85;297.85;297.84;297.84;805
251103;182200;297.85;298.04;297.84;298.04;14141
251103;182300;298.02;298.07;298.02;298.07;4107
251103;182400;298.06;298.1;298.04;298.06;36544
251103;182500;298.05;298.05;298;298;1389
251103;182600;298;298.01;297.87;297.87;13708
251103;182700;297.87;297.87;297.84;297.85;16525
251103;182800;297.84;297.84;297.65;297.66;28762
251103;182900;297.66;297.74;297.65;297.72;8210
251103;183000;297.71;297.72;297.67;297.67;1584
251103;183100;297.68;297.68;297.66;297.67;3356
251103;183200;297.66;297.66;297.64;297.64;14982
251103;183300;297.65;297.65;297.64;297.64;5740
251103;183400;297.65;297.7;297.65;297.67;4482
251103;183500;297.67;297.67;297.49;297.49;176628
251103;183600;297.49;297.5;297.49;297.5;22727
251103;183700;297.5;297.5;297.49;297.49;7526
251103;183800;297.5;297.65;297.49;297.52;52329
251103;183900;297.51;297.55;297.49;297.54;5957
251103;184500;297.55;297.55;297.55;297.55;2336
251103;184600;297.55;297.55;297.55;297.55;3
251103;184700;297.55;297.55;297.55;297.55;22
251103;184800;297.55;297.55;297.55;297.55;10
251103;184900;297.55;297.55;297.55;297.55;80
251103;190000;297.55;297.65;297.49;297.64;4074
251103;190100;297.64;297.64;297.56;297.61;321
251103;190200;297.61;297.8;297.6;297.72;8786
251103;190300;297.66;297.8;297.66;297.8;4599
251103;190400;297.75;297.83;297.7;297.72;5141
251103;190500;297.71;297.71;297.58;297.65;7775
251103;190600;297.64;297.7;297.61;297.7;7243
251103;190700;297.68;297.7;297.68;297.69;807
251103;190800;297.71;297.79;297.7;297.79;7558
251103;190900;297.8;297.8;297.79;297.8;2235
251103;191000;297.8;297.8;297.79;297.8;751
251103;191100;297.8;297.8;297.79;297.79;3512
251103;191200;297.8;297.8;297.79;297.8;540
251103;191300;297.8;297.8;297.73;297.74;1962
251103;191400;297.75;297.79;297.73;297.79;4945
251103;191500;297.79;297.81;297.76;297.8;1449
251103;191600;297.8;297.82;297.79;297.82;5620
251103;191700;297.82;297.82;297.73;297.78;3765
251103;191800;297.78;297.79;297.76;297.79;480
251103;191900;297.79;297.8;297.76;297.78;1763
251103;192000;297.79;297.82;297.78;297.81;1083
251103;192100;297.8;297.81;297.75;297.77;800
251103;192200;297.75;297.76;297.74;297.76;272
251103;192300;297.76;297.76;297.73;297.73;2066
251103;192400;297.74;297.74;297.73;297.74;533
251103;192500;297.74;297.74;297.73;297.73;94
251103;192600;297.73;297.74;297.73;297.73;962
251103;192700;297.73;297.76;297.73;297.73;2529
251103;192800;297.74;297.77;297.73;297.73;2243
251103;192900;297.74;297.76;297.73;297.76;3240
251103;193000;297.76;297.79;297.76;297.79;501
251103;193100;297.79;297.79;297.77;297.79;370
251103;193200;297.77;297.79;297.74;297.77;747
251103;193300;297.77;297.77;297.76;297.77;514
251103;193400;297.77;297.77;297.74;297.77;3820
251103;193500;297.76;297.77;297.75;297.75;403
251103;193600;297.74;297.77;297.74;297.77;5581
251103;193700;297.77;297.85;297.76;297.82;11467
251103;193800;297.83;297.85;297.83;297.85;16264
251103;193900;297.85;297.86;297.85;297.86;210
251103;194000;297.86;297.88;297.85;297.87;1402
251103;194100;297.87;297.87;297.86;297.86;502
251103;194200;297.87;297.92;297.86;297.89;5973
251103;194300;297.85;297.89;297.85;297.87;298
251103;194400;297.87;297.87;297.8;297.81;329
251103;194500;297.8;297.81;297.76;297.79;8030
251103;194600;297.79;297.8;297.76;297.8;1164
251103;194700;297.8;297.82;297.78;297.82;1478
251103;194800;297.81;297.81;297.8;297.81;781
251103;194900;297.81;297.81;297.8;297.81;381
251103;195000;297.81;297.82;297.8;297.82;502
251103;195100;297.81;297.82;297.81;297.82;306
251103;195200;297.81;297.87;297.81;297.87;2974
251103;195300;297.86;298.15;297.86;298.1;86565
251103;195400;298.1;298.1;297.96;297.97;2103
251103;195500;297.97;298;297.95;297.99;496
251103;195600;297.95;298;297.95;297.97;1645
251103;195700;297.97;297.99;297.97;297.99;769
251103;195800;297.99;297.99;297.98;297.99;60
251103;195900;297.99;298.06;297.98;298;10708
251103;200000;298.02;298.02;297.99;298;1568
251103;200100;298;298;297.99;298;237
251103;200200;298;298;297.94;297.95;8536
251103;200300;297.94;297.99;297.94;297.98;1378
251103;200400;297.98;298;297.95;298;3099
251103;200500;297.99;298;297.99;298;1345
251103;200600;298;298;297.99;298;1164
251103;200700;298;298;297.99;297.99;284
251103;200800;298;298;297.99;298;2858
251103;200900;298;298.01;298;298.01;910
251103;201000;298.01;298.01;297.99;297.99;1199
251103;201100;297.99;298;297.99;298;1896
251103;201200;298;298;297.98;298;3487
251103;201300;297.98;298;297.98;297.98;1895
251103;201400;297.99;298;297.98;297.99;882
251103;201500;298;298.01;297.98;297.98;619
251103;201600;297.99;297.99;297.98;297.99;595
251103;201700;297.98;297.99;297.97;297.99;1740
251103;201800;297.99;297.99;297.98;297.99;531
251103;201900;297.99;298;297.98;298;6579
251103;202000;297.99;298;297.99;298;493
251103;202100;297.99;298;297.99;298;6176
251103;202200;298;298.01;297.99;298;758
251103;202300;298;298.01;297.99;298;639
251103;202400;297.99;298;297.99;298;685
251103;202500;298;298;297.99;298;3722
251103;202600;298;298;297.99;298;664
251103;202700;298;298;297.99;298;2523
251103;202800;298;298;297.99;298;7622
251103;202900;297.99;298;297.99;298;199
251103;203000;298;298;297.99;298;6217
251103;203100;297.99;298;297.99;298;281
251103;203200;298;298;297.99;298;258
251103;203300;297.99;298;297.99;298;264
251103;203400;298;298;297.99;297.99;301
251103;203500;297.99;298;297.99;298;2088
251103;203600;298;298;297.95;297.95;2408
251103;203700;297.96;297.96;297.9;297.92;4826
251103;203800;297.92;297.92;297.91;297.91;1441
251103;203900;297.92;297.92;297.9;297.91;897
251103;204000;297.9;297.92;297.9;297.91;2506
251103;204100;297.91;297.94;297.91;297.94;5021
251103;204200;297.94;297.94;297.92;297.93;105
251103;204300;297.93;297.94;297.85;297.85;12111
251103;204400;297.85;297.87;297.83;297.87;739
251103;204500;297.87;297.89;297.84;297.86;533
251103;204600;297.86;297.86;297.82;297.82;621
251103;204700;297.82;297.83;297.81;297.81;396
251103;204800;297.81;297.82;297.81;297.82;3960
251103;204900;297.82;297.82;297.81;297.82;86
251103;205000;297.81;297.82;297.8;297.8;476
251103;205100;297.81;297.82;297.8;297.82;384
251103;205200;297.81;297.82;297.8;297.81;1433
251103;205300;297.8;297.81;297.8;297.81;897
251103;205400;297.8;297.82;297.8;297.82;5834
251103;205500;297.82;297.89;297.82;297.88;39
251103;205600;297.88;297.88;297.84;297.88;304
251103;205700;297.88;297.88;297.87;297.87;468
251103;205800;297.87;297.88;297.85;297.86;368
251103;205900;297.86;297.88;297.83;297.86;1273
251103;210000;297.87;297.87;297.86;297.86;567
251103;210100;297.85;297.86;297.82;297.86;152
251103;210200;297.86;297.86;297.82;297.86;704
251103;210300;297.86;297.86;297.73;297.76;97128
251103;210400;297.82;297.82;297.76;297.81;37
251103;210500;297.81;297.81;297.75;297.75;3808
251103;210600;297.74;297.75;297.73;297.74;84
251103;210700;297.74;297.74;297.73;297.74;2274
251103;210800;297.73;297.74;297.73;297.74;439
251103;210900;297.74;297.9;297.74;297.88;70363
251103;211000;297.88;297.91;297.86;297.86;3322
251103;211100;297.89;297.9;297.88;297.88;164
251103;211200;297.88;297.88;297.87;297.88;666
251103;211300;297.88;297.88;297.87;297.88;2742
251103;211400;297.88;297.88;297.87;297.88;1363
251103;211500;297.88;297.88;297.84;297.84;16375
251103;211600;297.86;297.86;297.79;297.84;488
251103;211700;297.84;297.84;297.8;297.84;23
251103;211800;297.84;297.87;297.8;297.81;5396
251103;211900;297.82;297.87;297.82;297.86;43
251103;212000;297.85;297.87;297.83;297.85;37
251103;212100;297.85;297.85;297.82;297.85;70
251103;212200;297.85;297.85;297.81;297.85;68
251103;212300;297.81;297.86;297.81;297.86;5859
251103;212400;297.86;297.87;297.85;297.86;3337
251103;212500;297.86;297.87;297.85;297.87;2155
251103;212600;297.87;297.87;297.85;297.85;2911
251103;212700;297.86;297.86;297.85;297.86;882
251103;212800;297.86;297.86;297.8;297.83;10497
251103;212900;297.83;297.84;297.8;297.84;35
251103;213000;297.84;297.84;297.8;297.82;837
251103;213100;297.8;297.83;297.8;297.83;891
251103;213200;297.83;297.83;297.81;297.83;31
251103;213300;297.83;297.84;297.81;297.84;121
251103;213400;297.84;297.84;297.81;297.83;3055
251103;213500;297.84;297.85;297.84;297.84;2042
251103;213600;297.85;297.85;297.8;297.8;6875
251103;213700;297.8;297.85;297.8;297.85;164
251103;213800;297.81;297.85;297.81;297.85;49
251103;213900;297.85;297.85;297.82;297.82;51
251103;214000;297.83;297.85;297.81;297.81;1209
251103;214100;297.84;297.85;297.81;297.84;130
251103;214200;297.82;297.85;297.82;297.85;1173
251103;214300;297.84;297.85;297.82;297.85;1907
251103;214400;297.85;297.85;297.81;297.85;786
251103;214500;297.84;297.85;297.81;297.84;446
251103;214600;297.84;297.84;297.81;297.83;142
251103;214700;297.81;297.84;297.81;297.83;38
251103;214800;297.82;297.83;297.81;297.82;2251
251103;214900;297.84;297.84;297.81;297.83;159
251103;215000;297.83;297.83;297.79;297.8;4503
251103;215100;297.8;297.8;297.79;297.8;265
251103;215200;297.8;297.8;297.79;297.8;5730
251103;215300;297.8;297.8;297.79;297.79;414
251103;215400;297.8;297.8;297.74;297.74;8102
251103;215500;297.75;297.75;297.73;297.73;6443
251103;215600;297.73;297.74;297.73;297.74;1581
251103;215700;297.74;297.74;297.73;297.74;1141
251103;215800;297.74;297.76;297.73;297.76;429
251103;215900;297.74;297.76;297.73;297.74;302
251103;220000;297.74;297.75;297.73;297.73;505
251103;220100;297.74;297.75;297.73;297.75;425
251103;220200;297.75;297.75;297.74;297.75;669
251103;220300;297.75;297.75;297.73;297.74;829
251103;220400;297.74;297.75;297.73;297.74;2553
251103;220500;297.75;297.75;297.73;297.73;1217
251103;220600;297.74;297.74;297.73;297.74;378
251103;220700;297.74;297.75;297.73;297.75;2946
251103;220800;297.75;297.76;297.74;297.74;497
251103;220900;297.75;297.75;297.73;297.74;10559
251103;221000;297.74;297.75;297.73;297.75;767
251103;221100;297.74;297.75;297.74;297.75;470
251103;221200;297.75;297.75;297.73;297.73;5481
251103;221300;297.73;297.74;297.73;297.74;793
251103;221400;297.74;297.75;297.73;297.74;11138
251103;221500;297.75;297.75;297.74;297.75;1391
251103;221600;297.75;297.75;297.74;297.74;4508
251103;221700;297.74;297.75;297.74;297.75;1572
251103;221800;297.75;297.78;297.74;297.78;2647
251103;221900;297.78;297.79;297.78;297.79;144
251103;222000;297.79;297.79;297.78;297.79;3455
251103;222100;297.79;297.8;297.78;297.8;793
251103;222200;297.8;297.8;297.79;297.8;398
251103;222300;297.8;297.81;297.79;297.79;28291
251103;222400;297.79;297.81;297.79;297.8;1549
251103;222500;297.8;297.81;297.8;297.81;2412
251103;222600;297.81;297.81;297.8;297.81;331
251103;222700;297.81;297.81;297.8;297.8;270
251103;222800;297.81;297.81;297.78;297.8;1881
251103;222900;297.8;297.81;297.77;297.8;2632
251103;223000;297.8;297.81;297.77;297.8;174
251103;223100;297.8;297.8;297.74;297.8;7003
251103;223200;297.8;297.8;297.76;297.79;275
251103;223300;297.78;297.79;297.78;297.79;152
251103;223400;297.78;297.79;297.78;297.79;249
251103;223500;297.79;297.79;297.78;297.78;208
251103;223600;297.79;297.79;297.78;297.79;181
251103;223700;297.78;297.79;297.78;297.78;92
251103;223800;297.79;297.8;297.78;297.8;2739
251103;223900;297.8;297.81;297.79;297.81;724
251103;224000;297.81;297.81;297.79;297.81;216
251103;224100;297.81;297.81;297.79;297.81;483
251103;224200;297.79;297.81;297.78;297.78;3136
251103;224300;297.8;297.8;297.78;297.78;554
251103;224400;297.81;297.81;297.8;297.8;403
251103;224500;297.8;297.81;297.78;297.79;312
251103;224600;297.81;297.81;297.79;297.8;142
251103;224700;297.8;297.8;297.78;297.78;1779
251103;224800;297.8;297.8;297.77;297.79;922
251103;224900;297.79;297.81;297.77;297.78;3757
251103;225000;297.77;297.8;297.73;297.76;18109
251103;225100;297.76;297.76;297.74;297.74;17
251103;225200;297.74;297.77;297.74;297.76;34
251103;225300;297.76;297.8;297.74;297.8;1566
251103;225400;297.8;297.8;297.73;297.73;6258
251103;225500;297.74;297.75;297.73;297.73;27330
251103;225600;297.73;297.75;297.73;297.74;2124
251103;225700;297.73;297.74;297.73;297.74;2460
251103;225800;297.74;297.77;297.73;297.77;34513
251103;225900;297.76;297.77;297.74;297.77;298
251103;230000;297.76;297.76;297.73;297.74;8679
251103;230100;297.74;297.8;297.73;297.8;22768
251103;230200;297.74;297.74;297.73;297.74;1229
251103;230300;297.74;297.81;297.73;297.81;34861
251103;230400;297.82;297.85;297.82;297.85;805
251103;230500;297.85;297.85;297.74;297.74;23207
251103;230600;297.77;297.82;297.77;297.79;323
251103;230700;297.79;297.84;297.79;297.79;1107
251103;230800;297.79;297.84;297.79;297.79;303
251103;230900;297.79;297.84;297.79;297.79;274
251103;231000;297.8;297.8;297.79;297.79;601
251103;231100;297.79;297.8;297.77;297.77;513
251103;231200;297.77;297.77;297.73;297.74;41659
251103;231300;297.74;297.76;297.74;297.76;160
251103;231400;297.74;297.76;297.74;297.75;962
251103;231500;297.76;297.76;297.75;297.76;1263
251103;231600;297.76;297.76;297.75;297.76;782
251103;231700;297.75;297.76;297.75;297.75;1885
251103;231800;297.76;297.76;297.74;297.74;276
251103;231900;297.74;297.75;297.72;297.73;132585
251103;232000;297.72;297.72;297.7;297.71;1175
251103;232100;297.7;297.71;297.66;297.7;3996
251103;232200;297.7;297.71;297.7;297.7;1684
251103;232300;297.71;297.71;297.7;297.7;207
251103;232400;297.7;297.72;297.7;297.72;2654
251103;232500;297.73;297.73;297.72;297.72;2972
251103;232600;297.73;297.73;297.7;297.72;4704
251103;232700;297.72;297.75;297.71;297.75;22525
251103;232800;297.75;297.77;297.75;297.77;1211
251103;232900;297.77;297.79;297.77;297.79;1389
251103;233000;297.79;297.81;297.79;297.8;24553
251103;233100;297.8;297.81;297.8;297.8;1653
251103;233200;297.81;297.85;297.81;297.85;2954
251103;233300;297.85;297.85;297.8;297.8;3655
251103;233400;297.85;297.85;297.8;297.84;3604
251103;233500;297.85;297.85;297.8;297.8;980
251103;233600;297.84;297.84;297.8;297.83;570
251103;233700;297.81;297.83;297.81;297.81;834
251103;233800;297.82;297.84;297.81;297.81;4538
251103;233900;297.82;297.83;297.81;297.82;5019
251103;234000;297.82;297.84;297.82;297.84;2494
251103;234100;297.82;297.84;297.82;297.84;937
251103;234200;297.82;297.84;297.75;297.83;15480
251103;234300;297.83;297.85;297.83;297.85;6316
251103;234400;297.85;297.9;297.85;297.9;29343
251103;234500;297.9;297.9;297.88;297.89;983
251103;234600;297.89;297.98;297.88;297.91;62960
251103;234700;297.91;297.91;297.9;297.91;2572
251103;234800;297.91;297.99;297.9;297.98;50361
251103;234900;297.98;298.05;297.98;298.04;26945
